REGISTRATION_ID,VIN,CLIENT_ID,IS_COMPLETED
74523,741820504e1d104d992df3f2d6c23fc1,91,0
84752,fafe40a77e999ba2e27883ec1f7d14fc,47,0
86098,3c374ee3afd45286e7dda82ad5d29ab5,47,0
86345,579ce6016bf0186c28d862dec2a18010,47,0
86783,faf2b2fce269cbc57a9e671a7dff38b3,47,0
89168,9a2978acc426136cc1003b4ed2296fbe,47,0
89175,34fc52178414b537eb94c0c77fd9fb60,47,0
90895,e1fbe5551f3cd3c3d7ecabe700d36c1d,47,0
91610,438e700ade2299fe4238e75d33e22bbb,47,0
92794,cfba3b2b7ca43731c03159a73badf997,47,0
93815,ef44e368761902ffd443997d60b619e1,47,0
94634,232f1d2ba03499db36b7b3d45e951a18,47,0
94693,be8d299a16e3d152f78563efa4c2e4d9,47,0
95087,172473e9f6b7d0714c85c1a149e59256,47,0
96592,d0d26649e6315e76c60130d5f61313e6,47,0
97610,0a1f786902986572ae04acb33f27cf3a,47,0
97909,67bf6cd4c8f0039e8f97db98cca0cf01,47,0
98163,23786968505c8fa19b50a4d13e7eaf8f,47,0
98649,98d9598b5ca925c76dc7756b61c4ff5d,47,0
98769,ca850275b1c27b6b1a6d0016afcbbfb7,47,0
98838,eb3b89eeca401a6c2c4c0d20b3c189e5,47,0
98914,465f7c5232925d0fe648e71822354aa6,47,0
100139,6813c83c540a60ff97d0263c2150c3ea,47,0
100565,614293e0fed8379a842857bb499cde44,47,0
100634,5ece73f7a504888f887739fd2bf8bfcc,47,0
101234,921bb213407b5ac97bc41fa686af8368,47,0
101255,408a23034ed5e574e160403025d6f069,47,0
101465,f27e035ab283fc7b69b2f3c597d3185e,47,0
101546,9558a7820efdf497fc18e8c93a8e60b3,47,0
102317,3c2d900a2978f04ed3b3ca67c25a52a8,47,0
102383,08b7a0dcad8fea41175f1454310cc6ef,47,0
102428,573bbe3c7c2d1d871ef8ef8744a23bc1,47,0
102434,f79109e61ce31f1b1c66e877357b9af2,47,0
102435,e95b07d69b85f81ec7754657a9847de6,47,0
102631,794a5ea4809cd6a9753fc75c688e6731,61,0
102724,83ded1540db6f0a853aba86f8edc7f58,47,0
103564,351b8f1daee8dedfcb4b098d603ce474,47,0
103602,b7e8e95f9b1881a93b43925ed1c111be,47,0
103636,78527bdaa4b60bf8d1e95519072e7004,47,0
103752,a3f52727374551dee64871dbd9482493,61,0
103889,9f03b72e0c6c51941d0a9986045219c3,47,0
104133,095aa9ca5a3f29e9efed4d20f1f6ee97,47,0
104510,c248e6aa642073df21d7725b5953b663,47,0
104673,db19df2afdd425303087f9ffa219dc7f,61,0
104862,c738cbd3f9842bc3114ce126d6bd2e13,47,0
105003,458ffed766ddadd63e263cd18db6df50,47,0
105007,a2343b24bebc94a60410adda62c23a20,47,0
105379,cba3ddca6703dcb9e2603c4a2df035be,47,0
105449,a64471671385ae07bdb17be2fb5a926e,47,0
105451,cf5638000fb3d788e4be8c7bed3e7da2,47,0
105835,e0bbb47a201f5a267ac3ad2f3601ae8f,47,0
105875,48d0a36e5f5c708d0f43631d9e82bf34,47,0
105954,577801d753da8a6fc82a0758e707f5da,47,0
105957,37ce49bcc2f7d035438d66e2786ea821,47,0
106248,6c3ada235c81e7b6ad5de2bf70d149e3,47,0
106297,de78ef73c03d6ac199b699ef98a040f7,135,0
106342,1fadc908460d9d736e0a0f7fc8f9252b,135,0
106421,7d1c171e7880be12e03d64bc0431579b,135,0
106435,8be9daedaf90e51a097ed33a8ab9e2e4,47,0
106497,a46dfdfa1cd86fa0b6bd2b9306bd92dc,61,0
106571,3f56ca7dd3e0c1a9fda78ffd504926fa,135,0
106649,0a4bb7fa934f685c336416fa22a0e1d3,47,0
106695,f1f3c0ec88cfa31c6b8150b622b39762,47,0
107018,ad2b4211f050557138b263b06b89606f,135,0
107180,2865113e6bc80e85325e694384b5384c,135,0
107541,3cb36260e9d9851667ba916ee1898826,47,0
107882,c02334803081d3b06ad4734a8164f17e,135,0
107924,fcfbc3d47294504490c1c52e17281a0c,135,0
107926,c10ee31a407fbc37af97d579e357b540,135,0
107927,65bc093855704db5770a5de34fd4a03e,135,0
107982,b6eaf96820034c19cf1634cee8dedeb5,135,0
107991,cdf8f4474e97f0c0aeedc03aed97ace6,47,0
108093,d4c6b14765ed4b0ca954f6ff6094a5f7,47,0
108114,3bcb6148480fc9f1d66a8b7b1c3d2262,135,0
108158,65db4cb72bb34ddbcc83fc49185d5b37,61,0
108236,72ade66427b6c5f6b5a6e8d742640f9b,47,0
108416,64ab1e39b68a35bd3226762e9cc8c65a,47,0
108421,9c2d5015bd0dd82a6c20272626faf030,135,0
108435,ee5b4ff03d39953d8b065218116729c0,135,0
108438,c7a82bd732d144a0df10912b7fe80c17,135,0
108470,17fbae0310954211ffee6b076315c339,47,0
108685,0a701a76f7bf3fbde37a487283104789,47,0
108832,7fff6f889ffc54b246c3f63ff3e0d9ea,47,0
108899,27017b3cc8d43f93ea76771a9097be05,47,0
108976,f99ae840e6026bfae8934da61d9d9caa,47,0
109015,ac8176394aa8718dc18a0b4378ba73d1,135,0
109021,403d21fc967251beea2d1e10b55c9e2a,135,0
109032,fbe4df8e2bd92fd8c30966c67e88cebd,135,0
109053,03cafb6b7f4fae4325f8424fdaad6658,135,0
109061,1ff0ae6639b61fb8ec3a434037faad5c,47,0
109062,8b1a3566639ffe327239663748679ece,47,0
109079,09f0499ad872d1f30a0ae1dbcc4a90ab,135,0
109081,b6758380bb508efe4cae0157c1cc43ca,47,0
109084,46515b8e41acc285db733170905d80ce,135,0
109157,682924766b188e5936f3e4149363cecd,47,0
109159,3d30ba76ffdda6bb90f05448300119b5,47,0
109551,fadc4d21225f9d10e09318f70c006b5d,47,0
109601,4e56b9b8931bc7d1bd44ea63f122c8b8,135,0
109763,7ebb84f6b6fa2718c58a35eacb7710cf,47,0
110047,bcdc7b593febdd0669f962ad02bc6241,47,0
110048,551b677af8d55f4ba735ea7deb203a00,47,0
110134,38c013559508213f473d2556f4b4c366,135,0
110252,4da4777d197e4959d5567084891414b0,47,0
110322,079b37435032ee448046960c0838e27c,47,0
110530,a6ff45407a8b2cd6e9e15e18e9f4ce56,47,0
110570,72b32566945abd586ec940ac706dbfe2,47,0
110684,14ea627d947c25260034dfa2f6475ded,47,0
110686,1fdae7a77e4ee8f91e7a181ee22f5947,47,0
110722,a7877036dc035237c54e94d3d93b2bab,47,0
110805,0d6f912829bdec49ba7cdb46de2a4c6c,47,0
110810,348b9c02f64ce5c27539910d97019b81,61,0
110982,e6d34b3258d39bf5539910edb94fcec0,47,0
110990,d722217043ebdcb40f447e7912e34734,47,0
111087,888a25c0cd9c428a28d3214de93e5f5d,47,0
111157,9c85a0e3f8806b7aaf3ad8c49a56fed3,47,0
111174,a906d0eb7449bf11349c3fd303be1df0,135,0
111197,802c13a08f9ccc3507e4c83d8f358270,61,0
111214,f5a57c73bebd6a3d8a287249f12b2c7c,47,0
111248,d316b8108b3cea5d47256672401228fe,47,0
111266,0539ab90568cb6b0d8703e17bc03dddc,135,0
111270,cd6520bd51c106a0664308434d8d8e66,47,0
111284,19ef64d44cb73bfcc06d1ed8dbdf4531,47,0
111351,4ed7dfe4888ac76c1e8c79383542ceb4,91,0
111409,3969eca3c6e2f022512ae006f30aee67,134,0
111422,288da8104936d0f097830ea7db85cd48,47,0
111452,8608b85426d3ebf1f664008d5cb9b23c,47,0
111466,f40409ea3999ddb48086cedddec055e8,91,0
111549,49b015345a088d468857264b888ffeae,47,0
111606,a6035a36cc868e541c0a55110f902cd6,47,0
111653,ddd0cd941f4c55c7f991df959606a1df,135,0
111658,95ae73b5d09f14e65a22725afd93c819,47,0
111903,16ea2d6887533deee7ce02e7c217184b,135,0
112037,5d90152a9e9286733f6e8ef8253f9dcf,61,0
112104,ba8486858f3513f8943de1661a270d03,47,0
112108,93de8c91ec48ee312ac97619bb4288e9,47,0
112115,f8e4476884507251ec01dba3b46a259b,47,0
112124,ad56c231ab8bd17edb9a8c7db1bf7447,47,0
112179,694a9d7ab544ce120434f90b94f744ca,47,0
112236,0c95e4e954d18e034ebcd77bb8a163a9,47,0
112287,82fc3809346fecd33ab04751ba14ae57,61,0
112385,b9acb8f21759fea8c79dd16ec502e282,91,0
112424,61608d4ed403364ad68e5e6e09fcf0a5,47,0
112451,950c6f7fac97bfb5b75673ee85580e9e,135,0
112527,b2353ee1d7137e0ba6f3340cfc03f5e8,47,0
112528,8d0c83faba5f4c351e13e584ba956d2e,61,0
112597,7a096b922a090b74d59e4ce4a0767875,91,0
112632,38da271392be398d97954282c2da8408,47,0
112664,a213a3ca3e88f8c91c32e547feec6742,47,0
112701,40ad7e0cba9295459a2fdfb5ed5ca168,91,0
112724,5ac68c3a30f395f5f2ff3ab55f013df8,47,0
112763,15d4db8f2f684029c8cadb1c8cb0b108,47,0
112889,d37fbb6b88f18ac8fd6e81c2818c1522,91,0
112916,4eb6936951ab53c3b23c9c2af30a21e2,47,0
112919,26bef1cdc8b290f4885a07b67f32fba9,47,0
112920,3190b65c6e193af9dc33d95f941c08be,47,0
112964,964d6c532a4ed51e4f431e8e6c33fa51,61,0
113005,9d4f51a179ead1111e609e55081f53c0,47,0
113013,073a7717a71aea3d595a0555b66df7dc,47,0
113043,64d2156786a80381c9506a5adba72d81,91,0
113044,09a204e9b2359c07940dba903d2faac2,91,0
113059,4427944e04c79087c1ea579c3e5adb27,47,0
113074,8d321e7c616a0323a1de6f8103c71d06,47,0
113147,e2fd4bee7fd30671e1bc9a7581276c55,135,0
113174,f6cd978ef8f376d135c15d8f6ab52d44,47,0
113176,e80db2ef3391b5d19749967b11c19978,135,0
113211,24695c4bd0255cae12027c6d62c9bd16,47,0
113212,210c681119be6185b7f722e81973599c,47,0
113216,fc8a9f5b3f540b4de2c94c10f534cbfa,47,0
113245,c3f76008d8140bdc86147e2b5c475e2c,47,0
113251,9de0286d920c47db06791d96dc5f43f2,47,0
113269,750a80bf0eb33f6a8ab1fa39d626a926,135,0
113289,0e189a21c266801e78382667335c5623,47,0
113317,b2d72f843a2b7a88423b436793dd3c2d,47,0
113349,2df6a462e07623688dd7ca0b15e13bf2,61,0
113376,edb36e0cbfc1f7dcd89717463fe0e322,47,0
113380,165f3e1d7e6438a6f2088b31b663f0f5,47,0
113381,46a7e1d0654953e151becd5adac3b125,47,0
113383,7ff37e2d448a11a64ffabce0950c5904,47,0
113384,7d4d4b6f7fb0438d72b0a360267704fa,47,0
113392,8a06352ab1a65e36ba9039b0ba33812e,47,0
113424,b10a6ae153dfe260e713182eb8ae9596,47,0
113435,24d2c0dd7b2fe3c217cf87ed66b40215,135,0
113436,bf350866572bc8c2dce011721acbacb1,47,0
113437,f8825cc9a2bb34e2e09d99dcabc67ebf,47,0
113491,2b98c3f1fbdb8cd520d671c6d09d75bd,47,0
113509,4117729a11c360df40cde970682d10ad,47,0
113514,d989526e658e41e27e5e4b5f1d5471ab,47,0
113539,abd3a55256b9dbe463089d030990964a,47,0
113558,2ab6db1299800c0b72205e7919836b09,135,0
113561,bd6a7efce65cde286416b0b494227374,61,0
113562,21efefa3f44f5b46e805dd6a1066e871,61,0
113573,14cf4b56511c7d844fd134456529b156,61,0
113597,84f2f9705e344d8fc1f8d5b32a82733b,47,0
113613,f71da5be196311d8568d8d238001e822,47,0
113630,4f526e50e78bb6d7783b4d7bd228285f,47,0
113643,ce3f4a948fc0861cb35f4bba1d66805c,47,0
113663,31eb67d47b4a2174f61795dab3a586c7,135,0
113677,c5de6595f4127fafe92ded1d1fa23d32,135,0
113678,567e6a0535e52c47b774c8092d0fa296,134,0
113684,bd4813db4477b96ab9fed624dcb15e64,135,0
113687,e2d7d6a96002968b20a4b478887e52ae,61,0
113692,7b62803885be4d6f57cd98ef969ad746,135,0
113693,dcc1e3fcfa13cae6e5f236476c1403bb,61,0
113710,b7a094d773929aa02cdad7a30a779b00,47,0
113713,98dda5d855ea0c1106300248db0cfdcf,47,0
113738,e11b10e271b27e9a8cdf7b1aa7461f0e,47,0
113765,6cb69ef2e748b2e1e4cce2f35ae9f06a,47,0
113771,40320128778326ccb465ac0beff70761,61,0
113779,5006a80c015598eff2a70ad071e1adb1,47,0
113782,b0236696db6026cfa4077a222fbd3b69,135,0
113794,b765cb3118aa3c10859d4bed5151eada,135,0
113806,92db85dadf27284fefbe126b3840b7a0,61,0
113807,fe6dcd29be591113bd48f9e9bc6de159,61,0
113812,fc826eef9fd4f5e36c459a1fe7c9fd28,135,0
113817,c9ffa1279fefc7094bf08da8a2d95270,91,0
113818,eaf8b9ae19ac0c2784416f000d395a3d,91,0
113819,d3c9328b5ccac610e93f52b9c3a47c07,91,0
113820,0ef0f8ee1e022ae1a9a898bbca0e61d0,91,0
113821,80db78f6f0ac5dbddec1bdda9b51ee78,135,0
113827,521dcee34b233c610110fb05dc50445f,61,0
113829,d65238d57e3924776091040b735e873e,61,0
113830,38cd4c353de79478b08274b08ebc6c18,61,0
113831,ef3f6b69474f2e1da493b67a9b9d032b,61,0
113832,5bbd73dca5ccda43283efcda15047c88,61,0
113833,0e6d3ebeae9e3eedfbdfd2adb4fa94b7,61,0
113855,dd773669ca99f9ad641ab663933139b4,47,0
113862,74d0f0a50aacedf94a5515b481819556,47,0
113864,2edf5c07eea49b5ae9d3a9bf1336b297,47,0
113875,9a6f77b2b50bf1414adb67679aecfe41,47,0
113876,86d697a5cd96bac4ab908187e6d9e307,47,0
113886,f134ee0c2dfa4276a797bc085fb8b3ae,135,0
113888,3b0319032a583baf93ed5804fe16f242,91,0
113928,819b39a271fde935db8044e977e7094d,47,0
113933,2257bcaae09c4a988d511381097974c6,135,0
113936,23a3c91a5dbcb35748ac16975b603bd4,135,0
114016,e0225b77c5f0dce3f425a1bbda9e64f0,61,0
114052,b96efaf43d4f7834f3ea2a57ad8e37fd,47,0
114055,d8176a3d78a5f7fff3eb054468507d8e,47,0
114059,d4930bc150a6b966a9082756e11fa636,47,0
114065,2d7b55a46ef340039d3448d0f97e2b9b,47,0
114074,f0eacaa08dd1e17e642b86f1979dd1a0,47,0
114086,702fcddaf04911e7dc5a887b84118d00,135,0
114095,1b553c700bc9ef2ee638b62612ec5dc9,135,0
114114,9e908b96342bdc5cd6ff920fc83050a8,135,0
114115,ebf099c9315cadd391f7c1fd4c230f67,61,0
114116,8545b1e35fda981cd626041e017ed0b2,61,0
114117,00f328bd8d48f978803f500a0c713e8e,61,0
114118,bb324758e4c88f77510967c62b67e523,61,0
114119,c961744775aee09a6b9a8a445106a18a,61,0
114120,d096f8948e6a991dc1bdf81032b8e9bd,61,0
114121,cded54bb77bd96cd8785c0b797440bc6,61,0
114122,3fc821f9271b1e062250bea66a37da6d,61,0
114123,07997f2199d68b8cce3c741c35b16bce,61,0
114124,1a3bd6235cb795fb8a3ec02afed10438,61,0
114125,d91cd1a0861a7b815b90814e2e368473,61,0
114128,c27f244e3bec2baa525925e5b90784ab,61,0
114129,84fa26607e705778a46c850e150ec537,61,0
114131,9eed55c5099548d3294c60ef976c2d8c,61,0
114136,72ddb8259b55d7cf264607f3b46aecc7,61,0
114137,48232ac5062993e0ca63e04abd46242a,61,0
114138,f3f8933ad70447bcb8b3e224a282d9a7,61,0
114141,496be1c9cc11335630f1249321ed2ef9,135,0
114167,f88b02b5851545df1e1e9c526fbc2c55,91,0
114171,ef26584aa12f97aab79b52d699fb0426,61,0
114186,d6ff4453f7f6536292728098ebcaca15,47,0
114187,35d8696635ac2b09525392140a9c478d,47,0
114188,ad99530a95d97fbd45c8fff65948aae8,47,0
114203,81db5a53a81242a43f80bf5629d8b8af,47,0
114211,9fc7ef0813a762da15d48a4236b4ffe3,47,0
114216,76d45a4c4763206180f1eb2039ff9ebf,47,0
114220,901b1f872e55e2cafad3c401d5df9281,47,0
114221,eacd20848f95941d6b1b87da4a88b72c,47,0
114222,3b62b865b6a2d0adc75bd9f2e47701a0,47,0
114263,f98b3ad8e03e884eb9fc8eb4f7dfca30,47,0
114274,65de4b81c84190f66bd68a58062d67d8,47,0
114299,35d952e6edc0d32b79d2365f6c7755e1,135,0
114316,20a1ac737a01a6077a449417640b59e9,47,0
114319,a4d5deaec8b80ddc01fac7adfc4bbfaf,47,0
114357,62d9e8f59df6a43252cf8213cfae9532,61,0
114359,3fced52ee840e39d5e28dce6081f5c4e,61,0
114360,2c794487a04654bcedeae3ed72b96249,61,0
114361,316e260972d82ce0cac705b692649c60,61,0
114362,9cd0d6b6137627d37972394a9d1ed161,61,0
114363,f8d3420a454a06835b097f69405da85b,61,0
114364,6232a44190cdb173a50d13629321ef98,61,0
114366,2d4640fc1e80a959f058d0fdb90db917,61,0
114367,d0652c8dfc188fe0c5165c0ea08309f3,61,0
114368,57c4c894d7e6e98b1237b48c80be3b8b,135,0
114369,d94c4ec8dde6cdc9bbbac695466e51a8,47,0
114383,46c72beac2a587c3aa4fef401b395860,61,0
114389,6ea28c25787d85dce98f141d69175ab8,47,0
114401,f308b822697bddd1dbdcee840f2d83b9,61,0
114402,520ecbe1d0bd58ad1211a5664eeeae03,61,0
114404,9e8255bce0e8839e5bda156ed14aa30a,47,0
114406,b0f73ea7e1d08884f03d892c3e381b16,61,0
114418,0a9f9000eda7f9b26eedc03f088c3928,47,0
114423,334899b7e16e4a34892c2d623c12168e,47,0
114437,60db4afc2bce806ba5f3b710338f453c,47,0
114439,daa8b63319d5279b7ab72af57af3733a,47,0
114458,243c070fe3d6c03e17dae0786a360cf0,47,0
114464,e494d378d72e17945fa36a7dd38a9803,47,0
114491,f2ad9a89b73ad127d03128be0e11ee8c,47,0
114494,64c7f359fe4da23b90fe6890afe0dac1,47,0
114498,aaf5fcdfd4d4ab645562910a8c0f4f75,75,0
114501,a95e47cc57109aa0e41e6202107de554,135,0
114514,028949d18e87ec5e262b9ef6e59ca668,61,0
114524,d2c3ac52d6a8bb49ac337fcad66a26eb,61,0
114525,b9c9e60f876ca3db151c1d9346ee0a7a,91,0
114527,483e3e5d5539ffa6d3c867d68f8153a0,91,0
114529,df6c4557ea6c442e44f7f3bd2d263417,91,0
114534,1d7b75b558d462b2897fc73ee638eb15,47,0
114537,1cc781274d6e486a3f907668af2c6162,47,0
114548,32e6d153e427d8ac2799c0529ffbdc12,47,0
114550,653920ced3e1e2823b76740ef179fa1e,47,0
114562,24f0afb6a6302e1a9f77a1dbca01194d,47,0
114587,346cb5aeb023deb11da311da34e1747e,47,0
114592,1e0cb4d3cbfa1784e6946b5a6e336113,135,0
114614,529118deece0472406505955e8360141,91,0
114615,53fdb280716cf7a5bfc5508041d8753c,135,0
114616,b79b3e4faf486a7cbbc45d66e7764397,91,0
114640,b8ba983e6d8330f8456f2c105bd96175,135,0
114644,6462c4fac12d02b9da0941ef1cedcc2a,135,0
114645,01c6b70ee7877ac49a4ed5e2f615d86c,47,0
114657,b9bda48e8f070583e2b99161ec8245d2,135,0
114660,c8ba22dd9a4c1d4fe678eb90977cae54,135,0
114664,2698f9aba563ced38d64dac4d6127e93,135,0
114672,9f6fc8b7ef59409dd19634baab799a67,47,0
114682,27024eae70dbaee7a7b065ca2843f10e,47,0
114694,5656e5520b5b7380b4a21b64ac80a4eb,135,0
114709,ce87b6797a54009776d5526a3590e4de,61,0
114711,9217ab760becab9a8e6f0183362d42d2,61,0
114717,3f53bcb43d3f3271f0405acd5aa36fb0,61,0
114718,2d2db71faae851d7b034c1da434cb1c5,61,0
114719,efc5361f6a7d774a329cba095a6b87b9,61,0
114720,56ad37c1fab4185b4bd12d546fc0c07a,61,0
114721,dc3e3f3a4349a64ba1b8988e0585cf68,61,0
114722,b7adf7469d546da040d7259cc2f1c4e3,61,0
114723,cb34bcefe1def3a44bae82f6b9e07534,61,0
114724,0a7c370a0f2de40f588f7a3708fd579e,61,0
114725,8283fb6faba7f3e79a7f11497b2fc41a,61,0
114726,8019806ab3a461d110c8834a03ce758d,61,0
114727,4a79bb8531fcc268ce56f1c7590a9911,61,0
114728,8d11bdb838ef4577e13b0a51d2c1b4d2,61,0
114729,bea523fd18aab0c8102434b2fcab8068,61,0
114730,01816756c4dafe91daa7d3ba7399f082,61,0
114733,01b75072957a32d9235cda5f7592dbce,47,0
114741,61bae7a8a7bbee50710e4385ed921834,61,0
114744,ac56bdfc5e73ca9b164c886a43425d86,47,0
114749,50fe880bca7005d28183bc3e9de58c47,47,0
114758,57aceebba9bf882760e19a761d14b1a4,47,0
114762,c84b7f33a2fa408f6a276f843415c775,47,0
114763,61ecdb908109c44a3b017b81efb43dd5,47,0
114766,ad570bf987eb428aec8540ddc700f160,47,0
114770,f03e2c3c97fd7c63f051a4d4f012a750,47,0
114774,5254f83bc1eb572b410772d09ff3efb3,47,0
114777,3fad3997998cb2069d0366a0843c830c,47,0
114780,3a330c393087e02bb87237ab9336049b,61,0
114783,bd561d99fa8db0130df484b0fea399a3,61,0
114790,15eae41d1c5dd66b7b7c637c2da4156c,47,0
114792,4ee56e80f2a9efd390f23da0800870f8,61,0
114794,2f31fb815f609d77dcf59004cf374c38,47,0
114796,b562202185f1e30c30c4b1747f458696,47,0
114803,41120d7f65d04c4fad75cde2d22c2ff9,47,0
114810,c65232a7b8b5246f3115ddbcaf520610,61,0
114812,f61811140bacae1555189644a5dfe798,61,0
114813,5b69d292fcef56cff89e77b329906258,61,0
114814,f995ac21fe1dd7fc30fd2f854bff0e28,61,0
114815,0615ed0af012fc8860df495214a46c22,61,0
114816,88d84206cecdb7b63adaeae946efc60f,61,0
114817,d68e9d4cf531e4eff420a82f413d7378,61,0
114818,5d18fcef38c20bdc9943b2280ae5e563,61,0
114819,3e18455a7feb89099e4758f64d6be427,61,0
114820,c8d6107765f090c349cbae668e2efeb3,61,0
114821,3ebe76c606f118e74672044e5f838eda,61,0
114823,a113546e962791e9dbf9796c650259d9,61,0
114824,81c0222d488889be89815569942e1b5b,61,0
114825,37da5874f5b9be746f6e1b7ccb2dae83,61,0
114826,f78b012500d005ed93c91d1cd2249a6f,61,0
114827,f3437c3bdba70f8ec5fdee5e16bc7f51,61,0
114828,724080d17dc20463361e757f287f9b89,61,0
114830,08fc7caece7bdf96bed9b5fa7ed1e2c6,47,0
114835,d3b79a083582111a522d59e14b7db90e,91,0
114838,e36f8d1b628cd29fd9fd68308f1cd4da,134,0
114839,c5b68c7a69ddcec827685a31fb7bd408,134,0
114847,1d28864ff2a5eba17dd2444c273c935e,135,0
114855,bddcebcd4f8bff864b7a69835fdd82b2,47,0
114857,6365842e7b3ae0c00b090b4431dce489,47,0
114859,0709c6d599dd54993d785d23b04ee7f3,47,0
114867,73dac40c12c4595fffdec82e90f3ee9b,47,0
114868,fe91bb1ffee0d7cc353fec2fc75894bd,47,0
114869,d5f2fbe49cd4b81da7ac532d7760ae03,47,0
114876,7ad9543454a50fb9f6fd24d5e924405a,135,0
114888,bd3ebc6e0a73db62013e95737ad1fd8b,61,0
114891,5be75886552f2c0992e1d75388a66e8b,91,0
114893,bec9169eefba9c4503c7f42f3390cc13,91,0
114896,f3beb4f675090d9f242706895a047572,91,0
114897,6baf8e8bda6179eade06bc2354a7f614,75,0
114901,36576c550dab815e4fc81fff595b0195,75,0
114902,f463fc13e3acfcb35c3a5a5ef528fca1,75,0
114927,1119599f20969a578e214c18007b61e5,47,0
114937,52d87040440cd838f8d6c97385d7938e,47,0
114940,ea38adbf274414dde448b91a9cb06f39,47,0
114942,cd55bcd21e6ac2d2c2dfad2e31baa9ca,47,0
114943,664a80665df647fdd23e869806e2a8ee,47,0
114944,7d1cbb5445be5c2a2da40d28901c816a,47,0
114947,b2d34842f68d0299226b6e972d1efbfd,47,0
114948,56ca7d9a32fb74f56e20a81ad02a28df,47,0
114949,f5eccf4184b5ab911e659a83cc5a0ace,47,0
114953,81048d747ddd0b39521803dfac2e9490,47,0
114955,6d0c10428b9f889c2b4fc68f9676c739,47,0
114956,b7743fddda4e3db871219f3abede9dd6,47,0
114958,c462180d58853706e13fcea934946364,47,0
114972,02c7a2195e7ad2610ef6e5be42f29211,135,0
114974,227c272c85ca197bb39f5945e22cf50d,47,0
114982,9e4e5e2e090bbbc78d135835fcf29d13,47,0
114985,20be374bee9b8e906d09ef083351c40b,47,0
114986,96357fc1e0853b20ba3c32a03fa5fa0d,47,0
114995,3b79ccc3176b5d069cad8cfba4962031,47,0
114996,d52f6dce059861f748c8aa3347b261fa,47,0
114999,0e732bbaeb2da0d19fc6f8a9d18029f2,134,0
115000,2b19068fc607d1ed55f99010080123d1,134,0
115003,c30099a7d5bf65e9574ebab2e40797e6,61,0
115004,12885f86da3e9edce1747b24b7122301,61,0
115005,a906d0eb7449bf11349c3fd303be1df0,135,0
115013,28c29532dc871a3712416e6e4ba6bba1,61,0
115018,5b7f4942ef08a9264d9878d2a3600813,91,0
115020,be6f062c4233a221d5556d5b342eabf5,61,0
115022,65eee6d49f9fdfb0245e512d0554a531,91,0
115023,885292bc6093fc4682abedc9d7241500,91,0
115024,5e6848e047828f0a54f48556931cb125,61,0
115036,4ae001f770ccc08563002b8d7bba62d2,47,0
115048,73e6fb362be1d084bf6e071f1fed892c,47,0
115079,4b57e2338aa8a923b6a6f2959d1758fe,135,0
115085,ddb0bf739f4b158df9c285c9bec7f6c9,47,0
115087,eac6d3f90a021fb2551ecc6d48a68ac9,47,0
115092,a4b3e12572b2ce852a9008535f1278ae,47,0
115098,4a150510add8eecf5808a18ed6bdec50,47,0
115104,503b498696b8ecfb006cb3538d8c07af,47,0
115106,620a7786b1578d7c578a8c342d59b732,135,0
115112,4e47e162f1e84e882750b8968a0bf7f8,47,0
115118,103f15402a1ee54ce9b1c900155abbcf,47,0
115123,a44f5217234bc1969bc45118bae4907d,47,0
115139,e6b9bb003d766df5f707ce9e9b25b0bd,91,0
115143,ffc235b4503838d5fd0c6a0188191f4b,135,0
115158,e5fe907652910f459572a1d85fd9a7ee,135,0
115162,3cd5309c7fa18fbbc7257f167d99baa2,135,0
115170,60892e356a179af619c436237e442dc9,75,0
115178,f18801d113d73f1c71f7357417f140a9,47,0
115179,e0858e211af943b2a8f2718a44703dcf,47,0
115180,c8f7b3980516631b5344b710b12509a0,47,0
115183,57e874c8ae9bfccc3a9a2c386f4040ed,47,0
115193,fe6360fbb5deb5e87b043608944abccb,47,0
115196,843d1d742238b1c3c3a9f22ceaaeeed6,47,0
115198,28a9739ba7e42bb656e7b279619d495a,47,0
115199,b473630ef02528fee6f9edd25d0bd9ca,135,0
115202,d6c0f1c53bf07e7d5732d46c6f48cda1,47,0
115203,6a428f61b26583e95bac88873e4d0ca7,47,0
115204,1acea62adc8e3c1a39cbdbaaac4b050c,47,0
115229,24596c7d02b82a3273f1ba75a2e83798,91,0
115231,85877640dd6d5ac868e212f554e5e040,47,0
115233,4bba98d2eae5ab831897f846bf06bbf4,91,0
115235,d8937ed19472aa8bd6a38b2cdc9bee49,47,0
115236,99c879675080a3d2233198b2bd1d76ac,47,0
115237,10be15b164d5783f3d0710ef1ba5fff6,91,0
115240,98f24021d8a4ac3d1353cfa092a5a29c,47,0
115242,d9864518eef24ab5180e3279138d90c2,47,0
115243,af84509267773011f17139c5387a2d7f,47,0
115245,29056ad9317c5d5e476c0f1540334e7c,47,0
115246,41e318b703a1196a3701cf33a0177c0b,61,0
115247,76c4b959f65bdf3a68de0ea1371ac2ad,47,0
115248,e6e86bca6afceeda2a2247a017c0473f,61,0
115250,3f1d5d3679349719133b070664104511,61,0
115252,fc0cda8760e6201f06d9d9b0461eae36,61,0
115253,75b5689fb52bf6b96d9fb2c7ddfbb513,47,0
115254,34abf072f1bf02a321c98e4f8310718a,61,0
115256,32d2eec6e4b10154437221183bdda626,47,0
115267,d06fffc6555fd7c774e8ed23ea956ec8,135,0
115270,7cee8b76d63b8642fb0c64b849a2bcc3,47,0
115277,7e30c0e53c0c5fe26b5a49cbd4d5c61f,47,0
115278,bf3e109003869b9aa59c44ed22a2c46f,47,0
115280,466d563fdc0098898806dc0b992809d7,47,0
115281,4ced07ac928b2f9d40ceb3f65e393608,47,0
115282,64f411624a74d0bf121b586a9ec0521d,135,0
115284,d2ad7718a79b06926406f92fa415ba0d,61,0
115288,41a6fca8ca9da4151f1ace901a18d1ac,47,0
115289,16726ca847a179b81eea3ff71bd7bb0b,47,0
115290,9e397c8a4fa19f63035990c0d1e94562,135,0
115293,46ef70dc3f147c2c5ad7d1a985ddfd23,47,0
115296,e8072895bf70e094b1fd319d725296fc,47,0
115297,bc6f10b73a468d435b9e13ba0517b80b,47,0
115301,6660421f833947db33ebe4332f876ad6,47,0
115302,d07b47905b917673738b0c79090b4590,47,0
115303,dded8f437d5619ec2ae543c020468ef6,47,0
115305,bb49ea151429380d4f636cce00ae5fc4,61,0
115307,f1fb3aa54db53996d923311a640608bd,47,0
115308,495c3b4703c873ad7c10ef01b96f2e07,134,0
115309,56393d4d429a270d339388b9ff3f57f3,47,0
115311,faa6fa9ddc64a83028a1f8345bc7b244,47,0
115312,9f7b7536843795a250ce213dbc4cdec2,47,0
115313,34c67608743c46216761e46b4843b442,47,0
115314,8970599a8bfed85dde863d54cf197349,47,0
115315,1127cf80959d8b455a56514fddfa379a,47,0
115316,8c0f094afebc0f3721f1dfaf2f15e072,61,0
115318,ce1cf58c9164e46dafba839a11074c82,47,0
115319,29c6560f465232a474a925824eeb8b7d,47,0
115320,e643cb4c5543c18e896f7e76ca12762d,47,0
115322,97c77b22173de157b420d1da405ec74a,47,0
115324,bd45645f1b77c2155e177d2a623cea9e,47,0
115332,04842dfea1e999b014b93d45e4ee109f,47,0
115333,d763d35dd14b1dd9cb41fb4c8abbfb52,47,0
115336,9e3776f08858962f24fbb5fd6b7ffe11,47,0
115337,97ba5821d1aca3e6de681fefdc636d4a,91,0
115338,e6fab2060b485fa42a0ad72edaa89793,47,0
115341,f2cb4a0e4578a32ea949c95897df9de7,47,0
115344,bb3f6500bb2678e871273d8db63115c4,47,0
115347,54b6536630091bac9cc9ae4f09fcf333,47,0
115350,c4693a9f6292d6d822fbeb68eb246f11,47,0
115351,75a0c508e549ddec4efaca42793f2766,61,0
115352,915cce27fc066f7adc7c1a06ac51c62a,135,0
115353,34293daf917bbea5ef3d0d7bf7dfeeb5,61,0
115354,0cfeecbc623987f90b878dc2ac524174,61,0
115358,f7eba2b5d0fb5204c114f52bcdaeb1a9,135,0
115359,4b7fab28b72aaa1dcfe32b22d8db558d,61,0
115360,efeff8556076125db899d88af7d91b45,61,0
115361,74bd32e9bf8a87374c6fe744f5f1f8a2,61,0
115362,1d7f44e06732fb00b64f5c19a4fe68de,61,0
115363,1fbc38b29860c73608c4a4bd3fe65421,61,0
115364,eec09d82ffb31ba14960ab5904bdc318,61,0
115365,3e0ee1e1256e81bfeca2a17fef3092df,134,0
115368,d5fc874101ab3f2fb50ccdaacd75aa34,75,0
115373,bc8c1c2ec5491994218cad16aafe1d7c,135,0
115374,95cc46bfa6d0d9bb5b357c63394b898c,135,0
115375,af6df9d3ebb648fb27cfdde3abc59f83,135,0
115378,68ace09467c85956f01dff091ffa51ab,135,0
115379,87535d55e0b5ae8cb7ad07c32f1a8bdd,135,0
115380,1990e8af6e0ceb385497107511a47eac,135,0
115381,3ef9e84ac5fc008e07b05f99a18cdf3a,135,0
115382,644200582882005b3e1546760887b628,135,0
115383,d07992669fa247d3c4a23a04f927dcab,135,0
115384,b53720b4fd698e808e5448c360237ce0,135,0
115385,5eb7e6d718d5911b818a0c8a40f8f61e,135,0
115386,1de27be37b7cbf566b0ccd0b711f2e41,135,0
115387,4bd3b5634413c4b56dfdb21a62e27776,134,0
115388,1f27bfb9c5dc283c5368efb0d0841246,135,0
115389,626628dd2b5da30bc54fc1558e429210,61,0
115391,aa399797965150710d4c347016efb219,135,0
115393,0b6b835992c9e4be094279e31601a2fd,61,0
115396,f42c5086ff519679900ecca793828466,135,0
115402,94b1c8254bd993b3eaad984e32d8f3c3,61,0
115403,71352e494d69d155207f659bebbf1122,91,0
115404,ad47763c52db228ef34561f6e2cbddb7,135,0
115405,6366215cb3939c4e2645d7007286c3a9,91,0
115406,1720cf8575283b3902ea42ceeaf4c4a7,135,0
115408,a2a897c70bffdf5664ec061e3615552f,135,0
115409,f834a72e0d99c31d1f957a0e7e710a32,135,0
115411,b233d247ff436ed56a728a8f9ba7b0e2,135,0
115423,af8b9916cc98ed71ceeb6ffdc7267a84,47,0
115424,3afd397d822a58604edc3c6055ae5475,47,0
115425,3ea3d413489ba2fb066d8824e2c4fb6a,47,0
115426,699b16845d9b73580682d6b0fd627b05,47,0
115427,d6e176ce2e21b1bed2aad3763674673b,47,0
115428,cc492f60f5ba3f6a4aa411e3143b852a,47,0
115429,2554fc317fed6347c9a2865393066d2e,47,0
115431,8754e5a6f09a92d10b3e728c4564f86b,47,0
115433,030df955373e720a519446495cf3d37a,47,0
115434,fd2ec7f6893ace4e414eac4345d09fdb,47,0
115436,f28f802d186cbcc44c957501ff6d31c8,47,0
115437,178ef437365e73c537c7ba6c6145e3b6,47,0
115438,605c0fc61603d502aac39c2a7d99c61b,47,0
115440,3cafa67df95b52d431888d7a44b19463,47,0
115441,c329ab5332bfcb84461208571074af19,47,0
115442,40f5b1649392600320a2f9d599acafff,47,0
115444,f8debc9236b6e2c3998f99e835ca5c21,47,0
115445,fea4959370f126f31c6e96d5c96d151e,47,0
115446,0d3c4685d931a776e12343e6e0fa1d83,47,0
115447,7b19be490000e97c77b1e45af854f2d0,47,0
115449,de485dc239796c24be14b4aaf1855ffe,47,0
115450,60d7a2b4d1f34f3913e94a162250250e,47,0
115452,8e46361e58a191486934d643b38c72c7,47,0
115453,ea33b720edbfa388163f48f19dfe7f6e,47,0
115454,9904546c9a93f28b0b30057f4c4cd2cd,47,0
115455,3fd44b1b544a080c699637f2007c2c14,47,0
115456,c8812bda0566e27a1910f46c55ee7fa4,47,0
115458,fed6973a63b2c32e25cb7f6ea68e8267,47,0
115459,b66596e1439e4b4920f707830c5ff8c8,47,0
115460,9af40ee44dd1f87db8bf41bcc8497809,47,0
115461,32356bf06fb25f38bb8ed6374185df11,47,0
115462,a08f5f010d361f54c3a2070d5342913a,47,0
115463,29ed2439a0cf404c05b66b2c49632974,47,0
115464,0aac602bd9426a92107eaa64ce3b89b7,47,0
115465,e7f363bfaff4a1565d0f3a55f45198f3,47,0
115466,2320e9d81246eb0d44821859226f17a6,47,0
115467,13d55da133f2d6105dcaf3b18d4e8ceb,47,0
115468,25e98ad56213ba7c29ab33a7484ce21d,47,0
115469,1f3dc59a480fb734ff27ea9ffcd25cda,47,0
115470,b696ffd5c2960987e26d84b91703d56c,47,0
115472,c02efcf5d10912fa6eabf86e7e77ee6b,47,0
115474,523f63a454c6a80ff23df1bb47a37ed7,47,0
115475,8f4849ba910cc6498947261c44063aae,47,0
115476,2f53080a3285c5c49c391b6075899b47,47,0
115477,cfc92e9316876a2ff1ffb9003fb1bab7,47,0
115478,92a81430ce675c7cb587b6ba643e04b5,47,0
115479,a9d6416f5bc428b4d0ee54f598ae58b8,47,0
115480,31842a0f1ad8ba73e9cd5cc6bdb49ca6,47,0
115481,90bb3a498bd6bf0396a48db1f837533b,47,0
115482,dd1a951a4f57937898101ab460c4b69f,47,0
115483,9e23a945adb0baa70590c7670ba827e8,47,0
115485,be37378a5cc044d14390e20038429c8d,47,0
115486,bfff4bff54df694aa5a5bd0fa3cde115,47,0
115487,ae34eb8b42c6b3a349dd560098dc855b,47,0
115488,d6606b61162327f3167b266f629f480c,47,0
115490,27f3a8199a867ea39463a29a403ff6e6,47,0
115500,48f4571d98b01794e2984ce68fb38904,61,0
115508,20b2ed6f05a7b7e11a9d47b976cefd7b,134,0
115509,2e87b94b79206a2273303d32ea4c5a18,134,0
115511,e13a2ca13231c75db5dd0eb404946bd5,61,0
115512,190ab0ae8a65b53f2966a570a655bb36,61,0
115513,0220de1f581a08b4756142e4049912e4,61,0
115514,9c54cced127840babcdd390d5326c935,61,0
115515,8bffda69a41df6ff2e0094c3427c5386,61,0
115516,a38acb9790b3331ad88f5d37dd9fe844,61,0
115517,f30cb6d3934de8823c3e746218c7da42,61,0
115518,4d5782986fddfcb8e62f6dc0a6e38169,61,0
115519,f1738f680366707e95449208cdeb4b10,61,0
115520,a8b41f42d94df2f0e16c756be657c05a,61,0
115521,b8aac1f4ac15209406b366631877f8bc,61,0
115522,eba49b64e4656be547188a7e50dd30ff,61,0
115524,72a6e5be9ef538b908a4cb3b5157bf05,135,0
115525,9856ac2e0d07be32d9fa040dbfc864ee,61,0
115527,7b831e2d6f0e82a051308b0fd7d3e5f4,61,0
115530,3bec43d19ebb87fe0d7a48a85f70fab8,135,0
115531,c49b607fb53866a63827ba21f2f52a89,134,0
115532,ccc71ba4530b08515cc37d344ed3a9a0,134,0
115533,ed7a2db7cf236489147b26ff1257a23d,134,0
115534,7f1c538face5aaed99c4eccb252deff3,134,0
115537,9b62d841cd53d6fcc386604c08501171,61,0
115538,8f751f7c549032f2b72c9748c575d65b,61,0
115539,0eefecbeab4fac5c0ffafbb6c5e66330,61,0
115540,6fcb5e7e23d4b882ecb1245db2fc0106,61,0
115541,ddf69f59f6683405e842c993668c8cf7,61,0
115542,463a2f0b1dc3b58a0639ee9d433cd5e2,61,0
115543,627cd90162c7efa7a9e5b814555450dc,61,0
115544,beabb456e457464c34a2c79ecd18fc0e,61,0
115545,a3408f5c2eaa16a28875d144c0fc65d5,61,0
115546,7caee6dbdc05720dd810fa39848a14f7,61,0
115547,567e127e2b2ffa4d0c3bdfd63bb626c8,61,0
115548,841a7c3ba6c6ce5989a4570239d43b25,61,0
115549,0a59e140200457921f4d671973722d31,61,0
115550,52440bfac2cb5fac44298dd1cda2cba7,61,0
115551,1955683c031eb199385dfab4bb73bd6e,61,0
115552,eb2b17cb7cf8ff8107707dca71227b67,61,0
115553,8da4468b2997d7cb5422c36fad1d1ae1,61,0
115554,a0be92e1fffe39d98d99555a82e23601,135,0
115555,c975765cfc0431eaed6a7f5efc89720b,135,0
115556,dc78e63c840540fb2b79907bb88e1df8,135,0
115557,9a98b9036d67cd684a5da1d8f9349221,135,0
115558,e3a1a31fc281b04bd8957f4e03d79b05,135,0
115559,785af4fb887f27ac1b399fa88854bda6,135,0
115560,9f0db3cf1735dbcbb91d9510459ea6a2,135,0
115561,aa44c92265e22d60332ffdaf3a01c4b5,135,0
115562,b2bad1e8afb094ebf330bd2e34c14887,135,0
115580,985ec375f6248d64a292a77f749eaca7,135,0
115581,971c7b5765783260ff9b4124016936d0,135,0
115582,c60a76426fcb20a0b9ec8089bc843f7a,135,0
115583,ce4f7eaaad1d0ab58147087314db738d,135,0
115584,234baac3ecbe7e81330a7df6e89a88b2,47,0
115585,c4d25e42d58f616381bcaeff5bf90903,47,0
115594,a1259559866a9da1d0171c222075b0a6,135,0
115597,c45bbbd4cb0a72dae849738afe7bea4d,135,0
115598,77b197430f3af1640da224cb07094f9f,135,0
115599,ffda231ac1e082e927cf52e73d093dff,135,0
115600,c4dc3a5ebe43c0897bd9705ec1fadab9,91,0
115601,d9766fc04ee5ca1cd7c277030e5a20a2,135,0
115603,870132d0baa71c6d641bafcede2d556c,61,0
115604,34412e9c7efc5a381f46f44dfc2b2238,61,0
115605,2a991f047747b31aed7846153c6d2d0e,135,0
115606,1758ce4cf22c05a7d438b854555a8bc9,135,0
115607,88ba39d7cedf00d9065af0c84a41372d,61,0
115608,aad03db2721c4046a49562086d8baaf4,61,0
115609,35c49c55cbb9e3098568f03811aee164,61,0
115610,eb6f6f45e5fb3366fcbece67a3d390d0,135,0
115611,657ce28f2e9748230af6f6bb72840ab6,91,0
115612,371ac05a4a413a530072a01710066905,61,0
115613,40ab80de322810a9e9388a4e1c25e1fa,135,0
115615,df551200d5ac0a149989e256ce3e89aa,61,0
115616,7e50180ef2c103ad44391180795d167b,135,0
115617,92fd28040e8b8c97dc6a79baa9f033b2,61,0
115619,78c6af6f3a8684966d6c8a7be183527a,61,0
115620,c7b5876d419bcfca80d0cb73c8fa6751,61,0
115621,87d9608b1475e870c85aa7863cd19ffc,135,0
115625,64b90d365dda4423b4c010276cf5a1b4,61,0
115635,a396c2cdf190923c09ecb42791705de6,61,0
115637,f7a537e67e0149a17e46fcaf5f0bf269,61,0
115641,bde327dc648a6e4a42a117c87252a4d0,135,0
115642,43b8828419229833a6b1b6f8a013a700,135,0
115644,b418a999f79fc9caf8bd75f142faafda,135,0
115650,f5e438c4f4d0782d79c034905c5463d0,135,0
115651,70acc6a6afabbe8ab69b831a634b23c5,135,0
115652,be47273d05fef342e46770342057bb63,135,0
115653,9c3bac5faf108e881e4c8e849e681544,135,0
115654,a90c2cdbd654bbb76365b5be871931fc,134,0
115655,98d3fb1099c728849dd0f36dfe4e2c60,134,0
115656,34a1b7d6527871932efe024b9e1f65b5,47,0
115657,93b0698f0eccce236ad6a4dedb2972a5,47,0
115658,6692781305433bde9cb404d8d627eb01,47,0
115659,82e7188b5776d615ae817786d1d66a9b,47,0
115660,16a24f0ec33c7e3dcf42abdb883201e4,47,0
115661,f132e41dd7c5678bf86614f8a0185a68,47,0
115662,576dae69e94074d872b55b435af12efb,47,0
115663,db26f4ab588dc42b34ec5a9cb5e67b38,47,0
115664,73d74a1695f2b7a84e3548cbf249c430,47,0
115665,455a2b105e43ca3e5ebde79d8de90237,47,0
115666,247e36d3c4f58eb768627de23593ae7b,47,0
115668,f3edc8ecb0d876df66db40bce6f2ad31,135,0
115669,a85b2e5db6993cc746a7567a80ba4a27,135,0
115670,91c8178eeef31e5fa3e9dd73594a3afb,135,0
115671,b7e559171a14b21e6827e7839787254d,47,0
115672,23383b1e2377d55b0f4a2a05a0e31bb5,47,0
115673,c06bb5e917111e787fb574ae4eb05e09,47,0
115674,9b9e4d76f285d2d882c71f39efcf09ba,135,0
115675,6ba7c8f4b2f7e1f1671e48392434d3b7,135,0
115676,4871944efd3752dc66e83da5a544f091,135,0
115677,2163251db5b3ddb5e89a9d5a69680119,47,0
115678,5961a1d6ece596c8a60d44710bbbeeb8,135,0
115679,051b31477363c0227edd9d01016cebb1,47,0
115680,fcd98964a76182f95dd3f768f5eb0be1,135,0
115681,6979dc15a4348ef664ce88534c97ac72,47,0
115682,7452f13c251594b1027d97a3e48628fd,47,0
115683,b7fe9823e293ba7b1464439f20deeaed,135,0
115684,b0e5b7865417a7647397799fdb93eb67,47,0
115686,bf17b2f3afba058df4e6af6e4de10df0,47,0
115687,c6df953c147ee03468cfcebb73dfba33,135,0
115701,ee173800b76f6db6dc870865ec05291f,47,0
115702,3286e222a2997c81bc3567dd9a46dc38,47,0
115704,7860bfc4b79e59efedfc22820740c250,47,0
115705,1729d0da9494b865995dc3adccf32b3b,47,0
115706,f6e4f096b12a052163ac3ff12c51b125,135,0
115707,fcadb30f9ce11edd55f09db6b54ff863,47,0
115708,364d7cbb4bd6787d8e135ba0be14335f,135,0
115712,3472ded1e0a59f3fae7beb91289f53fb,135,0
115718,35e8548248f2dd498622d27186b22753,61,0
115719,58c30159fb2b1b08577452805c16c7d5,61,0
115720,efc2796539a00429be92f3d3a46b8065,135,0
115721,f98165f70450727f75ab0efe90191647,135,0
115722,b9b51e707f933fc7cdf82e4e8a4df268,61,0
115723,e3488f3778baeea7bd1dc6e05997392e,135,0
115724,92a507dcd180f92153ee4856de921969,135,0
115725,a303fb3a1abec5bdc7bcc5007955154e,135,0
115726,2fa111ff79de1cf6b9c3d59d777f0bc5,135,0
115729,4d7c8f79224bf5dd320b2de25da69531,135,0
115732,a378dd7f4e916da29e0da4598f4560f3,135,0
115734,9116ad8c3f326f5231a3f8e6ff675d35,135,0
115735,7ed459b23582a54f054a8c274c63a9c0,135,0
115737,fd607f6b33a4775f27a4ff54dfbee1d3,135,0
115739,a3e573fc1bd13f9461083408c30962c9,135,0
115741,c17d3e8d49862dc87c6c3f91a351abd5,135,0
115743,e405e112f28a678f5b7aa97dde2c1a68,135,0
115744,0152b7f4394490962caa07f6f2e109eb,134,0
115745,50be0aa29f8e93df8a18ba6c7257f7b9,135,0
115746,149c1424cfe556e7185cedf9d735fe13,135,0
115747,3cfb9307bdcebde16d403799338c353c,135,0
115748,95775a35c30cc945c50741e8b67a50e0,47,0
115749,7f1bf569d197f4a214ca0ca53bdb571d,135,0
115750,84f37f9dfcd073d9bdae97674d3405d0,61,0
115751,394971af751537c80775614662b6781a,61,0
115752,a0ee0878d18aa48ec59efb86629c9150,61,0
115753,916da211c4291ad4662542d1d2f2514e,61,0
115754,8b39f906b839a3994f1b99fb68a9077e,135,0
115755,da1c283fff7f4816265b53354ccb165b,61,0
115756,aa71ddcec9b7b254df3bc2c7dea877d4,61,0
115757,aa489f735f4e9130fe9c3049e3598558,61,0
115758,a8cfe83e2cb976c3a8123f6df8f563eb,61,0
115759,635f67248f23b0f983bbde6c04e1a1bd,47,0
115760,09d63236b81821062b6f63ad996578ad,47,0
115761,5aa16ddea97152fe5c18b732e2976853,47,0
115762,00ba682050f1e4800bab1f35f59daf81,47,0
115763,9a31e2ca7a774c3a9ae657fcf4e484d6,47,0
115764,5a9b017dcd2045dbccfb4e0fd340925c,47,0
115765,fb0e68be3dab040b9c57c5a8380206ad,47,0
115766,edd2f25bd32c77c3d3fd899c2f2ebace,47,0
115767,b1244d91d7f6e1f7cecbd5a811afd61b,47,0
115768,a284d8d54b917f609ba03ffb9c55c5e5,47,0
115769,67ce95e4d8dd9ecca2e6ea225d9268ae,47,0
115770,6912f7fc50ad60c5488489153e506ad7,47,0
115771,b3f08380c2633d26f36b2ae6d54150b3,47,0
115772,66c1817c622529699f2e1d9c0bf9184e,47,0
115773,5eed39fce995e781e983aa66a6aea27a,47,0
115774,61f4e427f9f3a9eb2295d98a3e4edac3,47,0
115775,fa4aa00ee1767ca7001c6932b3f3cdba,47,0
115776,31d75a3bb9c2883ec8de503cbc621d4b,47,0
115777,26666fef275a1a455261f04b8cdee71f,47,0
115786,af4eaa921b7d43cd1089be725ddb82b6,135,0
115787,ed59904a6d6cc7e05517e4d193d19542,135,0
115788,dbe30d345861180c85b0540c8d5e7c96,135,0
115789,41cf4396251b15f99399b7a586e44c13,47,0
115790,1b82dcb0c79dc3c4e89f9d5e27dac89f,47,0
115797,a9c8bce6a07aa681521ddc1829127805,47,0
115798,cea93c56689a0a2741b433daa1fe5fb9,47,0
115799,6d295330934a309185f4c7b73ec8e09e,47,0
115800,4d9380b502b67621d5ae0de78172b1bd,47,0
115803,be8c0ac31228b1967a92daa89a043168,47,0
115807,f55a28bb9d17562ccd5b0ede0373c35e,47,0
115808,24cddd2d8431089bc420532dfee080b1,47,0
115809,2074008960b385a95c6cf2675172f170,135,0
115810,45405837d78bbea4274ee97a6eca8083,47,0
115811,58565a9787e8f5f8f35fd72629f63e22,135,0
115812,0c806e765911583fb889e3c12122e879,47,0
115813,9fd1b8ba2588b10fec7959027fea55cd,47,0
115814,e0983e6c5a38c9f6148c3c569e65a8dd,135,0
115815,b13e10f4a01c7aed3a4e3e3b1492b073,47,0
115816,4807a743d0e22a1736d6915f7d9320d0,135,0
115817,07ce51f5dae95e09acbfa33c308da07e,135,0
115818,09e3bed3681e5b5e96eeac3cce4aec31,61,0
115819,c27b96b13121b56ff9bc0d2abc75a275,135,0
115822,8d57771876e6e23ffe2bfcfa8958f1b0,135,0
115823,de39f89f158378aa407cb9a365578c81,91,0
115824,91e1c18f98ea863aa4c9c1a08149a2f8,91,0
115825,2a3cd1da6a102e59f04e861d2a1f08fa,91,0
115826,1bad5408f95e43ad3e0e66bf174ef06c,135,0
115827,29f302272ff6b87994b6d278af4040af,91,0
115828,fa9a22a60a2d8e67b9ab1c3d4afff131,91,0
115829,91cb082840fca780c3607364055a7966,91,0
115830,05baea73e506e95eaa3f5d56cf68435c,135,0
115831,2d39b868778e3a5bd8bdfe6f66c0a8b4,135,0
115832,e8cf0ae33244e044a594dc1bb928970c,135,0
115834,f4d8990559dc5a2ec7d09760ded91b3a,135,0
115838,a671289dfe233d6f02baa33fe6677f34,75,0
115839,18ecd95576f7a93d51c97959fc7f6240,75,0
115840,fcd9fa75d44b93103a47ab86b31e789d,75,0
115841,f2fa2a7a200186d7e0a19d3bcdc387d8,75,0
115842,4149367086d2c014ab121d327f9965c1,75,0
115843,81014e46be10c3287902d4b5eb5d9a0d,75,0
115844,74545acde1ef1b491c7fdc8317933e35,75,0
115845,31cd21e37ce289284c31ad8cd7d17e71,75,0
115846,9971fedcd2fecc9d49cba22aa2123b70,75,0
115847,c9b7c7ac80e9f9236ad2a2eab32fbf11,75,0
115849,9049bdc4aa994708294968cfa9beb5e5,47,0
115850,23ce730db71a0f094d2d6aa9c2d377d0,135,0
115851,498cff8aca64725c7969862d5307a4a5,134,0
115852,e7d2a47f23d0dc8ce108e49300f52ea2,134,0
115853,57146a3312df9139de99ed07475cde41,135,0
115854,6ee0bd258eebc5d3fa772748a70cde82,134,0
115857,7a5048906e9dcc3bc650db75b31e6bab,135,0
115867,f215280304a58539f7780cc27163556f,135,0
115868,8fa10287365f79f374396d81666aa5db,135,0
115869,77d6775f93b00a5a961de472622fd250,47,0
115871,ef3f79c9053e869239be08b656a0646d,61,0
115872,e19abb21d3bb73ba3e78ad68061c74c3,47,0
115873,8f1fed6e56a9e0005d8879bd3a1e100d,47,0
115874,a21e8258f09d24bf86ee1209033b602f,47,0
115875,bdaac1e099d746bc057279589738936f,61,0
115876,e81f6335687bc9cf0f69f383b2b2d954,47,0
115878,49423cb99cb8924697c9591a99781565,47,0
115879,237f186cd06a8bb98161ee4cd6716822,47,0
115881,464e717bd044656774c6be8ffb0dadd2,47,0
115882,dd8f7fe9dfa96c43966de3d2dd40e2f2,47,0
115883,f5fbcd6046fb84fb41d422abb34883ae,61,0
115884,b5be1a16f8dabfb2fe17edd008429904,47,0
115885,ea89136f25e1dfe3d72f7ef100e558d5,47,0
115886,2b4c916ec02991a7bcb8ef2657b43ea6,47,0
115887,ce27340f13b1e6b61916d9fdc577b829,47,0
115888,a2a3ede6729e1cd6e28d9511aa6548a6,47,0
115889,893c8b99a66a69e45199f67e83ef58ea,91,0
115890,16ba6e78760c94cb0ccfa55bb8d5a483,91,0
115891,9390551e22e0ac1de20752131d407dc5,91,0
115892,e49ff0836eea5fe0503f97b525685776,91,0
115893,9fd9526fa3614a16c32816aa3f5e87a6,61,0
115894,c2571f15839b79840a48326e4ceae854,61,0
115895,72cd0d29305bae0d2dee43c7a6719258,134,0
115896,56e6c4e893d363b3d5c4214b3c3a8f82,61,0
115897,3f7093370de6d0c70926fd101db3b208,135,0
115902,18d419d5f048c3a9089200c07b85e644,61,0
115903,add76e261a31361e14174492785f0413,61,0
115904,3e159fd29426bb380866b10dc7cf3530,61,0
115905,91ce51d64bc254e1dd547fd384da948a,61,0
115906,eddf3130662240fe166efe9b1daef66f,61,0
115907,cf0f9a25878790816aa07811f9259a2b,61,0
115908,a7c4de82db6cd282da6e4e80cd2ade6f,61,0
115909,84d045ccfc46f930ee680a7dff9ac272,61,0
115910,6582b7d516624deb483141c06f1cf3a1,135,0
115911,d7002faaa7e25ada7603662a6649322c,135,0
115912,91a63d05df726ca636d25fa8539283fc,47,0
115913,ca3acb1beb557843af082da33ee10a66,135,0
115914,4f11ac83f07fe327d810ab4b0a0708ad,47,0
115915,2530b2c42deed1920e96497c548eaa0a,47,0
115916,917e6678717438b3b917d3fdd08cf4fe,47,0
115918,6b1be2417dfd5f0ef779e0c4adcd47ea,47,0
115919,dba215b3392663da74bf0ab96619cfde,47,0
115920,37412a3c387a77fb80d5cf2710be8fd8,47,0
115921,43563cb3641c9873a21c54de7e1ae1eb,134,0
115922,0cec5a6a6a938771a99a4b80da012642,47,0
115923,42aafb71d247211e40e515db3af1553c,47,0
115924,302b6cd067f23a5825c97b0a0d6a6914,47,0
115925,91a31068e623a0814bbc96781a0b91fc,47,0
115926,1ee07e1bf33076a1eba17d2c1e380b01,47,0
115927,9dba7008269879e8c08bc89309457222,47,0
115928,5ed63a37e1be9b0409670cc077a423dc,47,0
115929,4b019f3caff37ad54ec758622e664483,47,0
115930,fc68bb31eaec4b5889ebb5d62b6377c6,47,0
115931,66f0bc9577aee7d6ba593a34a769abe9,47,0
115932,984a6f3b1dc3bd72859aa7b0cc09f471,47,0
115933,2a275e2531578aea6e57bd9c48c41f5b,47,0
115934,de9837c6336ac0b62d3bbd6a947250b7,47,0
115935,a048ba2d8ccdd602a2292fbb8fa5b98d,47,0
115936,91e61892543279c9e5fc482ae4720906,47,0
115937,079e21fa72f40624154f2496022aac80,47,0
115938,836020f9394ec90846dc310bc5337151,47,0
115939,ad2d8083e1c714881851d9ffb5b702ee,47,0
115940,7caf9f2b721f8cd0298b09e992701e2f,47,0
115941,19b1fbdaf7aaf2eda6dc8654a1ce1215,47,0
115942,e90d168a87e2de567642091838640688,47,0
115943,3467e4d10a45f1bb0bec1ec9bfc444c9,47,0
115944,424893a0479d0e6eb06211ca3ab3d0b0,47,0
115945,de2cfaa43bf0e89e22897f3c23331927,47,0
115946,26efaa9bde0f8484eade799c44dd2eb2,47,0
115947,8c895bf710177163a641c387edc8dc3f,47,0
115948,3fbada8aa92578ab44e8c4ed44a9c25b,47,0
115949,4ee53ad47daa0dda1049b4c47087dc2b,47,0
115950,846992c3633e66df181782fa247052cf,47,0
115951,5190ecd226c20d4551594b4e8fe21aeb,47,0
115952,f9e5f77edc442dced00eb85437212015,47,0
115953,323491366c7d6a23652ae778e4d9cd49,47,0
115954,6a4ee1abae408612ee045d2d81df0879,47,0
115955,8898f112eec60af33ff5fd7e19e7faf7,47,0
115956,144e95393c037bb2e7d175a98f70289f,47,0
115957,b4d380490d97e774cfede81809357de0,47,0
115958,9ee006fe2a10e068ca4d05a1ec65cdc3,47,0
115959,330aeed251ea5be2a1a9c89a7b07b09e,47,0
115960,d7061b23dfd885838a6fd0ca775443ed,47,0
115961,f1dad5d9104501f5b2f89dae7a50928a,47,0
115962,621a89236ff6efcab6001556f0e7d6d7,47,0
115963,38386e34966d93e57f942bd05d6437c5,47,0
115964,5798603a7949c4b7bf25bdf98f061ec0,47,0
115965,412f764beac72c42647a7bb3b4e81655,47,0
115966,66025c59651e9b7f5121f4f74fff1fd7,47,0
115967,8b0370d82e7eb25dce551cfb9789f595,47,0
115968,642ad1bd121eaabd0d299b47e827f9f3,47,0
115969,1ab283ade0271eed9722840fb99d0afa,47,0
115970,d25463e0454c07b6223efaa65979edce,47,0
115971,b789f766daf14688ecff774e4d8ccb2e,47,0
115972,19d3c14b6cfc558cb10d13dd2a2740ca,47,0
115973,08eaa62bf5a8338daed663a1276e05ca,47,0
115974,42cea8c720ca3a0206ef17e952d67544,47,0
115975,0519ac56133faf693dcca095fb189b72,47,0
115976,f59abeb1b3af81dc9bd27611f351b04a,134,0
115977,70187eee9fe4816a0616170a55e39f16,47,0
115978,8e9d60b0cbdf6f8713b1f03c4fdd6d25,75,0
115979,ec7f49873fb45ee97a2229647faa85a1,75,0
115980,befb22bf527711ad16c5785f4852c870,75,0
115981,80608e87228bb5ed7ae260188cd9ed03,75,0
115982,a7541888aef1bcbc4d522e82119c73ac,75,0
115983,9267584c0d72d6fb8fec8bdf001c3aa8,75,0
115984,47d0b71a68efd014590054f1d5d902fe,75,0
115985,c35cf65efa2a6e0ddf7376e70a2619b1,75,0
115986,c3534466da9c29a87408928204ee6984,75,0
115987,385f3bf13d6166fc3fdd8bd73c8fee53,47,0
115988,10baa77c68b2b0a0f4dc4bf998f3c671,47,0
115989,9920a455715cffda306a1e8db4367736,47,0
115990,d7d72b059c8f7af1c569da35db065754,47,0
115991,9ecd4f7c073340e4c5dea55f7ee042bb,47,0
115992,069dfb61973e39409e5a7497c037e286,47,0
115993,ade29a6c275f4857236c65bd0e9f8649,47,0
115994,cb6d43c7e7e92cdb36c7138d576023e4,47,0
115995,164d9fd1432cc317229c4c1babd698bf,47,0
115996,3c552434e7a15cdc08baeec3b56c0032,47,0
115999,9b7464d29c737cefb32adba32a04648d,61,0
116000,27e83e91ea48b69c30b1260e12eba81f,47,0
116001,4b9b937d57cbb432e401e54c2131883b,47,0
116003,73dbcda347741f03eff1f88276839753,47,0
116009,3389c3ce575d59f1b6f02f5f628f7b26,47,0
116010,d86459abe202a06548172ca1d7a9ae42,47,0
116011,71368b8c81cf6c0f7f9a64f27fffd102,61,0
116012,aa888d2a11244dc7e64c05319a2fd50b,47,0
116013,0d03ee56d4e968c59a047d41dbed706c,47,0
116014,c047fd1758045f0a9556eb39ee3e2ab1,47,0
116015,bffd1b70839510814e756806e0940f6b,47,0
116016,deddd44987af467a78046c9021c72349,47,0
116017,df4dbe56208c9c420f60e75794d2668c,47,0
116018,1525833c5837ded7e0d347e124b15af2,47,0
116019,ba22beaa7ce0a1fa9914adb0728e7fd1,135,0
116021,b98940a864d1542df87a937506aa8584,61,0
116022,cc2ec607dee73b41d54dc80f4a155ee7,135,0
116023,55d62d892ea00cb3d8f412a97360d59a,61,0
116024,ec943a38dad54daaad610ac46bd6dedc,61,0
116025,8f1e3c6d765f3a9cfff16dee08275543,61,0
116026,a4a23367ea7714415a23df42a1a9664b,61,0
116027,662299662afb58eae987e5d9aedb27de,61,0
116028,10b8c42568c3442982ed1414f31d17b5,61,0
116029,3b69ca9fec34135d196ca4a674b889cb,61,0
116030,e48444f2bdc397337191477dac38e027,61,0
116031,7d27be835e1054cc19384fd28eb58f97,61,0
116032,d4c886a16321b7887703bd279076d83d,61,0
116033,32e0723841e1ea967349087a3ea79805,61,0
116034,c227252bc2c6fa7cebec54835d5f9e2d,61,0
116035,9c011adea8c4e01237ff50f941052531,61,0
116036,1a2ffbfd389d7dbd6b5ee1548b822bd2,61,0
116037,f92da137ae745bcb4c5d510b6f06cf64,61,0
116038,2883279994ac7f545e946c8b351b8cba,61,0
116039,06a5cf208b166ff37493a279f03223e6,61,0
116040,a51a47ecd887d8329b7aa7321fe81efc,61,0
116041,88e216c0c6bd354c88ca89668b7e5da9,61,0
116042,9e6d0e1fb358058e8364884d6a9148bb,135,0
116043,4d02a49e60c04071b9e5a5ea4c61ae8c,134,0
116044,daa76399274c354c322e09a616c11f27,134,0
116045,1cf0ea90553bafd702ba59cca3cff7f8,135,0
116046,cc2d9ff94dbf8aa8d958879114ebb13f,135,0
116060,d2b574abba36abe5e40230d9eb5cee28,135,0
116061,9ed21cceed2d970cd720c345487192f8,135,0
116062,1f23d7710722a25a7bf60a92bacdf5b7,135,0
116063,e351e20e0225a0777e800967d9b355c9,135,0
116064,38016c2cdea5b725c8019ab532a4a589,135,0
116065,89ea39ebf7fafc5baa9a5b5006907c08,135,0
116066,0fd259935dcbce2630f78c9e71683fd2,135,0
116067,514204acce527521ef99cd949cf8dbf8,47,0
116068,4c0823d86ab9f6c10ab30d9799dc419f,47,0
116069,c739bd3413cf3924873e482c1a78a873,135,0
116070,ef5f7ecf54eeb9fdf61d33c6cd204d8a,47,0
116071,7bce7dc3079fd7a0753c1fa4285716fe,135,0
116072,afd8f39e88ffa557e4fd73895e19f3f8,135,0
116073,63f67cbd324272dc827b80e11794c007,47,0
116074,760826eb4e31c50c100d95fe8d798114,135,0
116075,d89664bbad4db0cec53c66791026ea13,135,0
116076,b9bd1c0d0911f83900a883e1903c40f9,47,0
116077,e7f589660006df4fa44ed088c55dc1c1,135,0
116078,3a317af2d8d29c54e0d95d7ed7d0697f,135,0
116079,4b540ce3cdd4e18731dc6f17bb39f6f3,47,0
116081,21f43d28c713338a2bd06691696ca3b4,135,0
116082,52c4c7348eef69791aef813e66aac6bb,47,0
116083,f993ebfca97aad55ad780590061acffc,47,0
116084,fa416e1c1115aa9de328a390e770cc05,47,0
116085,fd2b350b1a115981f97a7458e4cf57c4,135,0
116087,20e1c8ea2f9430010df627ad641b51ac,47,0
116088,423e0a7f357467bc8ca68e425d36354b,135,0
116089,224345e03e9f69252d9ea788764a33f3,135,0
116091,9fb48a110d6b50d26c982d6bf99eeb8c,135,0
116092,60c62289d272d4ded67a4776f4519630,61,0
116093,4e876f6b782cf8c45b27d4275ff39e20,61,0
116094,7c469caf9590544090a93dbea1dc202e,61,0
116095,66a5432bfacbd1e7a4cd244a554af868,61,0
116096,4145aaf406f6dab22a7f2598efe12d1b,61,0
116097,fc2dc00e0400bc0c2d420976cc01f7eb,135,0
116098,1f9074152f9af20d8e504c47a0b3b776,135,0
116099,28f220c06ff0024bc57a71b4c107145f,61,0
116101,80df81876d9461d3a292f2c86a314605,61,0
116102,c9df693f440fdf17bf5be745329e58df,135,0
116103,d9b7f835f26af077c4698ef79c687f8b,135,0
116104,e0fa43ab87bf831a7c2ef47109013445,91,0
116105,ca0b05efc08cd6aa227888be9a423735,135,0
116106,5899ea6b67b289e10e2568d5446b0850,91,0
116108,6e275f9af4c5aa536b0331af8f5048d0,91,0
116109,5f402898310761b92200e2f31eb0b2b1,61,0
116110,5470ca6891429b14e277d166ec660a28,91,0
116113,cd5d2618d5c716891a4a159910e7aa0f,91,0
116114,e5bc5cae09790507169054116664b74f,135,0
116116,e060698f17e467f83b6c02144c2b4d97,91,0
116117,c1ca0041315e14b35e2298e251690649,91,0
116123,fe0c95289e618797d8433a6b8e5bb780,135,0
116124,824ff87bd8aa493425efd2ae471caac0,91,0
116125,af0d32a366a172c45ea60d0f0b5fb1fe,61,0
116126,bcdd3d5bbd5f099844dca9e856d3ea7e,91,0
116127,8a4b4889786ae78dd73e7b006c46044c,91,0
116128,8e808261f305c89e64bb54636a02e8b2,135,0
116129,81a12511ebec877e06468c93c9bfddb8,91,0
116130,fe1a8a358d21cdf2cfc189c408e35691,91,0
116131,9c4a75163cdad2061bae0157a574a14d,61,0
116132,61c6475177f2b64a707e1c5ce0376654,135,0
116133,10ee14fd360e5a8b00cee090985e8e27,61,0
116134,30f7a307979c65c7b4050f02452d1ace,61,0
116135,142d99dc396b9fee1e25634f13261c5e,61,0
116136,eef56df17a31e19d3d2c01abbb0da89e,61,0
116137,0ea9a9442cbec9d598e1415997d18ced,61,0
116138,8ac22a70a4624a63d340a6d54c7086f4,135,0
116139,66676b0b7d90ad6dfe7163b9af945483,135,0
116144,c63029ef0578ba450f0bae8b474acff6,135,0
116145,eac9d5819755922c66ce839b6e731eb9,135,0
116147,213e096aa43e2b11994f41e69ad3ea71,135,0
116148,24a311e2405a6dc5cf60ca11bad0bd68,135,0
116150,5d135ae89b68070dbbfee903f37e9d52,75,0
116151,9a6145667c2178816a4ed4f774db2bad,75,0
116152,c59948c6ea50702ffc385dc1a3c637fe,75,0
116153,fa5bff4aa8dfbdd0ca434e758450325f,75,0
116154,13c7577cfd0083a93a44ebc0217046b5,75,0
116155,43f350c9631c41c2372940bd6f5746d7,75,0
116157,74e6df00fdb45cf6a7a169d6bed28cae,135,0
116158,1fc9014d31100a56f2f57142233388b0,135,0
116159,834e25cc5baf1fdaaec478d2c8763b6d,47,0
116160,b74f49c4207ec2dc0a010a8ebffd455e,47,0
116161,e520958445261276b95bebbf9f215d70,47,0
116162,0957404d901e4f1ae6672f26bb13c663,47,0
116163,085663a9a280e466ffb2572d988cf029,47,0
116164,f6cea13410379c7fadd29dd81231894e,47,0
116165,67efd258ae997e3234b886a6fc97ebbd,47,0
116166,8946c699590e98f764851b96664ae726,47,0
116167,ca03b32319a667970b1eedad4d3f52c1,47,0
116168,1d49b92523bacb915abb7fbc916f83df,47,0
116169,2079d466598a7fb55c5561f9b57c00e4,47,0
116170,2e5dc21a873b0594d8073e9ec13d31a5,47,0
116171,0200e3937152e7ff7ac85f02273b517b,47,0
116173,857febf20ec4891d791efdb1660a50a3,47,0
116174,9f3296842279557cc9aa9334cbc59423,47,0
116175,cc212eaf9bcb4abec6f6e45255b2d27a,91,0
116176,28672a340c39b96f3576fded90982269,91,0
116177,c590877537ccf008248cfbd1735d47d9,61,0
116178,97c88aa12ee51e291eecb4e10e92c580,91,0
116179,20afe6b67e08a696573749b74e21dcf1,91,0
116180,ffc7b165f498941fb0a30cf207f29fc0,61,0
116181,ef9cbeb42e5520991df1e0f3e9f6fa1f,135,0
116182,996e6ac8defe4de7c949baa24294c093,135,0
116183,679ed4c1154e0f9ec8e0f191c0e1d495,61,0
116184,160ce9b392cc075e7634960d54b7e030,135,0
116186,b21a078167f8ab8ded7fad92521cf2ed,135,0
116187,24e05d93143e523506aacee6d19023dc,136,0
116188,b395d533f18f33611046b8a30d3aed12,135,0
116189,fddace4234a016fe364e67fc4754190c,135,0
116190,1316c630324a28e7bfda93cdc19eb4a2,134,0
116191,c737ceeb837e719c9f6802523eb55561,134,0
116192,e8dc5d5de9e0e66ed5a89cfb1e626957,135,0
116193,d7c3b404b923128dd635f72076a0f957,135,0
116194,e2ad93ff601b6de858bf8ad0e9ed8db6,75,0
116195,15b25ea28358511535b0883be135a284,135,0
116196,52cc0646928e4cebef9746bf7c0f59f0,75,0
116197,a713d34988a15cf69934e4f35c36a915,75,0
116198,2ee814634dc3431183d5db399107a546,135,0
116201,b20b3ac49742522370782a9081b768c2,135,0
116202,cfe82eeef3215f13f70597d7b2b0c24c,135,0
116213,b1b81b49b0880768915f1aafb1981ed0,135,0
116214,a4cb956b5ce44b07bfd0ee3e3c06c507,135,0
116215,53d91d383f03a33cd8daabda73f03c84,135,0
116216,0e19f4d89ac520a9ed697162e8f6e65e,135,0
116217,4c62665ec0dce0bebabf1abf908fca47,135,0
116218,649eadb6c1b29bbd449cbafc6aa397d7,135,0
116219,75d3b0e21e9dc4b6b4af3152c06f5095,135,0
116220,82f40e01200b9436e636b096a1b0616f,135,0
116221,49f8966308f0ae8e4739f62dc7d38df8,135,0
116222,b7a76ccdde45ddc8e80aa23c79e1a470,135,0
116223,6ddd0876bc6f321d618ce073d9b140aa,135,0
116225,e2ea240b0c111695b61f0144153192f8,47,0
116226,d115ceb866fc29ee7e175d1792308eb3,47,0
116227,e38e4105a567b84b02310ce253562219,47,0
116228,f86b90865957c0ddf5875dfc8b9cb26b,47,0
116229,0af95e93d58581ead901480f543d77aa,47,0
116230,a3e0c2e7890f46dc8ed72de372fa8606,47,0
116231,4c7d5fb0734e89714588797a20b2e288,47,0
116232,e619e872de394224ebdc473bd200357b,47,0
116233,63eab1b01e06ee4619abe95a9213f59f,47,0
116234,71bf6fe48ffcb631c77d60e891b3c8f5,47,0
116235,17c7899bbb1a443e59fe0311dedafb52,47,0
116236,99d8857d8cad70b55f10a36b5197dff7,47,0
116237,f63b7181cde8e798959c98f83eec1f1a,47,0
116239,e6407ad8e39adef551dd03af53bc6fe0,47,0
116240,1803274fced07e6aff6ddae09e1cbf14,47,0
116241,2ca4c7cc3570805592ad86e76a044eec,47,0
116242,3b929f4ba509327a621e9bcf73c7d1a7,47,0
116243,90435cb5c409ce7ec4a3d41ff03d9bd8,47,0
116245,bb5859733b27453d27b1e5d01c26f76f,47,0
116246,164b0a563755de77cfe8dff232b5326a,47,0
116247,79e94253bff4b0bde0458e0fb553d793,47,0
116248,07e044c203b75bbbe07e458cdaff9f87,47,0
116249,1f7c25050de84d9f9dab664264bd506b,135,0
116250,1a9602999b272d18445de0d810f21046,47,0
116251,0938ed80f6337b9e97f857f9a7fd3a26,135,0
116252,043941461fd583a17ed0e6ada06907ce,47,0
116253,a5fe71f48d9edc07e035373ff42683ed,47,0
116254,578f820bcf6f4a8ebfa8d25ebad4d38f,47,0
116255,528b87c4b0e54e55459c21298b3b4459,135,0
116256,7ad58974b88a7abe933aa8b527c9b437,47,0
116257,0be3941351049a2565661cc12315df0a,47,0
116259,d74788d5b3315522483c83b80e6ffd3b,47,0
116260,4c2e804c30eae0af3ff676d86491be3c,47,0
116261,ffcde7e42d6689ea409ebc70151639da,47,0
116262,561c6be1244bcc781f790e1ee122b985,47,0
116265,390a5207730966253a08b0f22cecddf6,47,0
116266,117b01c91716426850254596112d55f7,47,0
116267,2afb20d33708251d1302b95d6c961ecb,47,0
116268,b3219454b095c4195e454c1bffb6d323,47,0
116269,8297167bcf33ea2bb3b834a10c0b91b6,47,0
116271,9fba0ee432e85131f260218f10eacd5d,91,0
116272,f51f7e626838856780c1ccd0d73c668c,47,0
116273,47360079d949a6916075e9fb59d76cad,135,0
116274,98c3c37dfdde58dbc050277c558b3f13,91,0
116275,1874a90e88b0d5c8b400213e6490c4db,47,0
116276,30aac9dddbcb4858fa4b9dad66191ad1,91,0
116277,1c004bdceb065a23720b74a6ebbea7b2,47,0
116278,8e91ae26e1a0fe99c335a383f45b1b44,47,0
116279,2bda2154015e79b8b685f118f1b201d7,91,0
116280,b0779efab3a2160f75e1ea89eef50f54,47,0
116281,117d14b88ce53c60cb7cf7d8398d4784,61,0
116283,b0cd245aea10e4fbe049cc9bfac99297,135,0
116286,0080d7385ba59c68942480505cbd05db,61,0
116288,5ae534168e373307e1a16dd6b29c4b56,61,0
116289,988ab0edba9e30895fc244bc932ca772,61,0
116290,32e72f5ccd43cbf291ae9cbb48f2f749,61,0
116292,bd90781309e283cf9e845cd65d37c3d8,61,0
116293,9c0b5318e27be3b532ffb938f869e481,135,0
116294,954762a50c43855b072328181bae12b7,135,0
116300,8d1116832629a99313514c274752e8a4,135,0
116301,cab44fc299bbf0d294548f6633ff1f16,61,0
116302,cebbf2197905ee0fcbd78d8f4e2f50cc,135,0
116304,2808f44172350dee798484f69dd11df1,135,0
116305,70349b4bed05ca3bbdc632ed46583351,135,0
116306,f3ef6d693a1c01dfba612ca69122fadb,135,0
116307,08162674d90554031985834aa06ed291,135,0
116308,c01631db562178d02e115b0649770af0,135,0
116310,f12ba7a77acf5ab5872707c47b78c898,61,0
116311,bbf85770b85c60618d6fbd2b5468a28a,61,0
116312,2d92f00077cf54fa247c4085ff512b88,61,0
116313,1e04b2da36d53441fcc83823538a8529,61,0
116314,e0eca208c2d24b5f892f2fa75af9cb46,75,0
116315,4a0ecc2998a1030664d9219baedb7c28,61,0
116316,13eb0f5737a96f8b542a8d60df792a0e,75,0
116318,5199d0845a00816483f8b1d106b33ab1,75,0
116319,df1cbde5469c43ea8a4d4331a0f101fe,135,0
116321,a70c645ae481f6c587feab297493e123,135,0
116323,62ad9522acb2cc9e9c1997ada2af2485,47,0
116324,0d6db0599efc636e63321c66a19885ad,135,0
116325,c61a89551d113551425311d5d1338bb6,134,0
116326,31b8bb05a913610b49c651dd44316047,135,0
116327,c4434acc026e318b71a6155e6d547284,47,0
116328,5253bfb4b52dea123e6177b4bcfac959,135,0
116329,aabd2129fb95967e5f6abd0db83b79c4,47,0
90852,033183badadcb9103fea83289d019b00,47,1
105512,329d1b5240851ccb3ded57e7ae03925f,47,1
107717,069eaba170abadfab8d8b6faebee9a00,135,1
107962,f14c6203c5eeb1797591daf010df0194,135,1
109510,38688e8aeccfa5a2bce857519b57c977,135,1
110133,c48a2c470e23591f6aaf377c18c4f056,135,1
110492,e004f019f0c18f4907aa02eb8440a2e4,91,1
111372,afe4eb8e7e3c71bfd8d584775b1d2675,75,1
111491,a71fb76db1f88b5800ef7dcbaa0bfab1,135,1
111531,d488e325333d92df59abb430aefd6426,135,1
111536,045691ae82925c574703513d6e08ce87,47,1
111610,d79d4a3adc5399d6841130cd43027108,47,1
111724,abf20efd3cbc35b8dd547f647facf81b,47,1
111787,26c2de8c3246949a666f0e16b7c45e01,91,1
111986,2e95667c277c52a1f2ff7e06b8044642,91,1
112058,2d7751e9a6891d4949ea3f6039d7b339,47,1
112120,d7a661c0c8391e5d208334b4d44a91ad,47,1
112158,d43da79aec15036f7fccc4b123700028,47,1
112367,b25a906e73f9f686c373da4fa8993e2e,47,1
112566,bab643135378b76f988fe882c1f1535b,47,1
112590,1f9d76835d5afe43bebf967b754febbe,91,1
112617,3adb6d7942a93fa8d304eb67182d50b6,47,1
112651,b0ac59d86c389cf6c617a9516f9892fb,47,1
112713,899caa3b555bd37e44b5d28750a77af6,47,1
112714,1705d556d5f2d0e863f6395128cfe1e8,47,1
112762,42451cb7266b95f56a521de125148ea5,47,1
112770,40db0a877ff6b6ec51cacdfc415dd4cb,47,1
112774,c9fd2a6e5bf6037e5ee41d4caf88952c,47,1
112776,bc9e5cc5562da4553e6615fc51ecf65d,47,1
112802,1d12e342c18738f5f2790d72dacb43d3,91,1
112859,e0103df0e6803d2687529ed3ed024e9e,47,1
112872,5a9323f3c3b317051ac88d3c233645ec,47,1
112915,52f07a7ef92d82065c5b37d0ecc9b3f9,47,1
112926,fa368c1a990ac16e36e27cd54d4c73b0,47,1
112935,a6fe4264eaf212e4b08a7ba664038a1e,47,1
112936,0aad65c1210319666b3c22c3cca42b3b,47,1
112977,d78132487c51f6bacb86babdb764fbde,136,1
112990,bf0d67ba1b4ee1a956644bf1ac6b4fb8,47,1
113001,609ac6ff9b65a5c9d45f6a05dcb6ead6,47,1
113009,61d12d766a9277907a222fcb11c8229c,47,1
113017,487220d6fd570f6fcdb33e6fffdb1e68,47,1
113054,35a9fa1eada42040d68d8f8e4dcac0ae,47,1
113068,555cc4e57919658cd1d676b2bb02789c,47,1
113079,2e25926d092d244b69502c8dc27a2798,47,1
113081,a84cd555951f0a8d6a8dc73d14980825,47,1
113173,a7984abd5badfd70d7fdc06e6b70ad42,47,1
113175,f97dfe819bd97b131b3f7ba3e026e247,47,1
113177,a0f939b96f81d0498049bd8961bf0672,47,1
113179,c616c7315027b7e614abaad8087b5c83,47,1
113186,ed4c148bb89951a4092ff77a1a15f74a,47,1
113215,28c7dad8f41f8c7b1d8fe2778d1551d6,47,1
113218,2cba56f9cd1bc15d937df21a527b67fc,47,1
113248,38438a042cf5621a11df39453ff36fc3,47,1
113257,8cc7508acdba1a830f6b916d93d070f2,47,1
113305,c5e5ffb3b6f11038a9dc5a77165346f1,47,1
113310,776927d870dcf1bbbe0347cbf66ebbe6,47,1
113322,136681fb260d688e145e0a4dcdad12cc,47,1
113341,7d6b016bdbb10af79fb3a336c63e9211,91,1
113382,0ca6a8a7b1c3721d09cbcf44c343bb22,47,1
113412,62fdc14ee92d8d08f99d4447b6b58a13,47,1
113413,85e3909ad518fb71a95855780d114918,47,1
113418,64bce93764c03a0e3b141db06f5f29ed,47,1
113505,9f5f3182e9c8aa94feaed52d57719523,47,1
113510,76197c9a1b250556062b40130ecfefca,47,1
113511,ad1dd9a6db0e9587b8fc3390a9698fa5,47,1
113517,243fe1c96b30a363c8bf6e3992be8fc2,47,1
113536,51b194350e26f4e90024ce9275a9475c,47,1
113541,86ecace48abca364040eaa2fb446fa0e,47,1
113556,e7aa7d15d3d7355c70ff6a9c2ddc4b77,47,1
113581,6785d0c2d5f823069d8770038104838a,91,1
113585,5c73e347bf9dc58b6c2d5235328e958a,91,1
113600,ed5e35fcf31cae7050506de7f73e17d0,47,1
113604,c46dd6fb4590240916e27dfd9a8e9166,47,1
113605,6bb7d81425ccb6b4d0acb147aa323048,47,1
113607,1dcdec89fb5dd35eeb7eb6555a61572f,47,1
113611,bdc68589fa5bd3ca0fc8d3c48ddd052f,47,1
113616,2bd897b0696b46ec4bf63d9ba5457c04,135,1
113642,48531c6e96e1eb5f5fa24a06f5b5a001,47,1
113699,c13541387be90c507407cc9806e51429,91,1
113700,8ec2d567d2dde08ea50196783074b7d7,91,1
113701,401c16d2e6a29d3fac8fd4ec1adb6590,91,1
113703,792b20a02b9575b20e20b60fc5c3b004,91,1
113704,67bb170cb342d06ad9b96ca4550ade65,91,1
113706,4cab40b353fbdfb99cc916d81c716fbc,91,1
113707,a93bf1f7848f8b2748e28f668e72b603,47,1
113743,17cb52ed85638268a63dbebedcefc0fc,47,1
113757,e973066f7e01c4991f2c46e61e961bc7,47,1
113768,82b5717c4d1af93e30d8093d58e0c558,91,1
113769,84366c828c65cc0f282e74077cbaf686,91,1
113770,ae569615e15c314395238e9e85f98a4b,91,1
113774,2463688c44b41eaa8e9629c6f27ae8c2,91,1
113776,5e54cbf955dda5da045e8bc7f245640b,91,1
113802,79b30b0257b4b07a0324e2343c2644cf,47,1
113849,7a855eabcd510b5b005f8d096e98862e,47,1
113856,d7457bb4a9e4638ef88c0f0a503ec852,47,1
113857,a556f30f457b3787ec4fd807b26bc74f,47,1
113871,bf12be30ed9586604b906ef03b6bf524,47,1
113902,e1e5251720221577569c8ea7618d8012,47,1
113926,1495cc7457aa242d0e59b24814820e4d,47,1
113927,390cc344e83683aa9bda1e98c1aebec5,47,1
113935,ae1ffdd755ea22fcc0af01692376de91,135,1
113941,bcf32618c2c48fbb9ab1336672c3536a,47,1
113945,8df8c23acc5d61ccd422b8fe24344123,135,1
113946,3a1935fdeb1880d4f79ffdba6d3aea05,47,1
113948,fb51899595386b72e861f914b13d7213,135,1
113974,c582cbfcf85fbdbcc81e62a0283e4a9f,135,1
113991,1deac718d6a1efdb1b9ba3b7682d79a0,135,1
113992,892ef1e8cf882fc135909d8cd26626c1,47,1
114009,4f995448cc47333bc4acc69df8da324d,135,1
114031,bd7819030f53354dcfd5a8f3a07e3fb5,47,1
114041,487a07f07f33786579dc639ae7e32787,47,1
114056,a8bf482a8f3d6c13fbaa95be04975636,47,1
114057,1bc3a4b8d773d7970094ade94e78ea3d,47,1
114058,f8a06175f56ec020e47a6c2dd02de3fb,47,1
114066,f72672168eb61035430bccd680746404,47,1
114067,095e89d90ebc2fefb02072da38b6ed75,47,1
114072,2b9189cf4fabd8ac2f48e6e2b0d0c5a8,135,1
114075,d0f12e41513e46d2b6535542de4a3d60,47,1
114077,6fc7acce345b82c56d8e853d2aa1044d,135,1
114079,995e17215e768686e5e67cfcf03882b5,47,1
114091,660a5298f8301ce150e40db17f0ce3ef,135,1
114094,65e66f18075f263aac2ce5d4744658e9,135,1
114098,15a52b05fdc041c97d6a3a31092895fc,135,1
114100,77f86854e0c368b640a9610765a656cf,135,1
114101,23c06d3e8682569a52118a69c81f69ff,135,1
114102,8ed397ff8b4e768187a8202f44a2f2c3,135,1
114104,ae29eed952f595887f1c80888757390c,135,1
114111,014fa331736ab0466388aa640b229fed,135,1
114113,fecfa1adc1f25a6b4b52939476d9ee5b,135,1
114174,eea7157973ceaa3b1e3be7bf913ed18c,135,1
114177,50205bff19270d6b41c3766ef0ccb6b3,135,1
114190,02a8c0cd903ae62cfa8781c57396996c,47,1
114192,f7aee1d2b9f6afca4035d58e5b9862eb,47,1
114193,c5f9d4faacea4b0d47cab7719f810c22,47,1
114195,26b0030bc3ebdf095ac12025647fd9ce,47,1
114206,f10b5af1e9dfbcc6ffe0f1add99ea57c,47,1
114215,f9619c909fc343914430b52227b10d21,47,1
114219,3ace39fd0dfb384526eb25487832469f,135,1
114223,6fa8bc68524685144100b5a1314953fb,135,1
114227,99ffe2a538c31e0194859c219de63640,47,1
114228,bc966a5d5e9220e00a3ae3c28003b1e4,135,1
114241,ee2b1e2397824327ef8201f6d48e641d,135,1
114242,87c539ee12fb6e2adbdb906edfc7e377,135,1
114250,1c1d2398afef183776dc6409765988f6,135,1
114253,1758aaf5b0c38fb2217b3892891ecaba,135,1
114265,8c4bc26e9b795dc93ea869b01bf4bdcc,47,1
114268,6822376c746cb9137a6bc1f6b367c386,47,1
114276,ebb6b41f7464043769d23e555156b3c9,134,1
114277,b1282eafbc6c4a98f18da75bce55833b,47,1
114286,6f5594738e294a2e5235ee1d7396d293,47,1
114293,fd03db200e96051ba89ba5a306453824,47,1
114296,f231d31f1f851a32ef1008dc39b694d4,47,1
114301,5bab00245076b84459c058267ec3d1c8,135,1
114302,cf50c600b76f68f282243e7669b011b5,47,1
114313,9195bc1a1a8aed3e91dd55c7aa428716,47,1
114317,64e3e3f7f513fafad44a2a2547326a10,47,1
114323,7b002cb0d51b9d6ea95c787e72d06c38,47,1
114331,0ce91daf64948b9f2be6d357254ba0ec,91,1
114351,2df7808b0524c686262db017d12e4413,135,1
114355,dc20cba9dcd3c3ef49213d823594ee6d,47,1
114373,21e707a501a3b9c267aab1933d669550,47,1
114385,c0861adf023f2962c0a8ebc1d05c3005,47,1
114387,ddbc5c625500a4a137ce93be853740e3,47,1
114392,72b2e58667d498e95fd14e927a204f08,47,1
114396,10a73610627183d0f5efee8b39fc62ee,135,1
114398,44ccf384751923b53497b094e514f56d,47,1
114405,dc6dbd96b4b9b6c20d88f46a7c3c833e,47,1
114407,394c786da1c56ce253a455d3b0fc4d12,47,1
114408,7d6d4a082fdf0e879c4ac35db90a613c,47,1
114419,e5d4f2e4db1c977f114e9906966db90b,47,1
114420,7eb66449375137ce073ae1b1f4699f45,47,1
114422,4c6a8a47726d59b8c34bbdd03c64f29c,47,1
114424,6539900b823a746cec4a9b3e3250a1c6,47,1
114434,fcba46a0a16c6ef3bcaef9ddd13f916a,47,1
114435,78d869d0b0f69bbf4184a80a1571ba87,47,1
114459,00381ead00967dd3efa38dae83754f0e,134,1
114460,f2dd8b3921b5bc989045e4f383ec3f01,47,1
114462,b5008f33b51cfd9f2e7200806872ae7c,47,1
114467,3c6555b57f22be80efbe3cc24e2f5f1b,47,1
114468,11511f2e5065260ec7c29ee33c4ef371,47,1
114470,d21f260af427ce948268fa9c3a859782,47,1
114478,ba3f6b89514193591014b79abfff2ec5,135,1
114480,4ce23861ea8dd39dfbc0a0c17bfd7684,47,1
114487,f3c657a373ebd7637f627202f863fabd,47,1
114488,d6f8fa165bdbaf6c65478a6782f8e522,47,1
114489,558628242fb8c7ddae3220caacdd6ec4,47,1
114490,a97eec51f7f0c0591203cdf47ef5da51,47,1
114493,70b1abb4685157a4443005d3e10ff56d,47,1
114495,07f92f4d2a6313e4ee0aa9da9478915a,47,1
114496,009132dc29f1d8ab7b94e21ca4e7cf1c,47,1
114502,64015b0b945948eb8b1373a52073e3a1,135,1
114531,565ae5261557cee12dcb1343d00be30f,47,1
114532,a90223f2a70c204f83c3ed0c90935f97,47,1
114535,7700943953d33594fae37920d5ffff7a,47,1
114536,a9f995155f0b0cb34a404bcf62e5f66a,91,1
114539,b9bd5d64b2aa4307592e964a46db9a33,91,1
114541,65b52a23c9be4b0de2c7d104560e225a,91,1
114543,bd2cb7379dfea2a08d3e1b1fce612fe5,91,1
114545,6e90816ab7e7b707ca56253a9d82dded,47,1
114546,7174f474e7970bb44c3faa1bbe1a852b,47,1
114547,babf671fc8d009e814c7792ff012658b,47,1
114549,8c9c2a2aeb4580c58c12434fb5ee31d4,47,1
114551,4de1f7dd387ada37cbfbe02902e5c088,47,1
114552,a715e7f175ff78c80863891df4e5dd78,47,1
114554,2153971d61e4739568a87b269f435e49,47,1
114556,7f262649ce16335dc41f0fbe264d7dec,47,1
114583,7e8048a3f0d48993d3f832fa794daa55,47,1
114584,fb00e37986016ad813065c532d13bf7f,47,1
114585,45176fb9d1df2b8789c79a25208c5b5f,47,1
114586,60203a6a7a1fb1748e725e7fa8186de0,135,1
114588,62dec9e9d6538dd464ef1ba8c8d34a23,47,1
114590,f8964a18803b330cd545d6195aa082ba,47,1
114591,faa4d84f2a6fe3ca22f7966c09b45d9f,47,1
114598,c445b9198bfc6e1992a3a512e335568c,135,1
114600,38dfb1342f7896c7da8dae0589295827,135,1
114601,43749fae8f61ce196ab58b0d932c44d8,135,1
114603,80ef3062dde8a047c48841a3210e011c,135,1
114617,99dc7a8e8c823b6a43a2607c474584b1,91,1
114618,0a37c92bd4903c82c55e371358e75b0b,135,1
114620,9f7cc3f2d912bb48c47904a9496e99ea,135,1
114624,9723626fb3765bf5bfc54933bcdcae3a,135,1
114625,b3d797aed2991b141c41b3678934c528,135,1
114626,c980e96784e0ea070d04ee66a6d078ca,135,1
114627,811da1fcbaa3138b03d2909fb5f7d446,135,1
114628,34a87920d177a02e211d290015e694ac,135,1
114629,b738c461b6e8c5ef3520699052ddecb0,135,1
114632,61aec03eb457363d0f32e5b6e87a0f48,134,1
114633,e912b3c3a763a9f2a09efcad61e4db9f,134,1
114641,d15c57ad13d416a3afcd2b918132e76e,135,1
114642,29714298475f84140e1b39d460896c4a,47,1
114643,f97db3a233cb25dff6b101b0b2b90d9f,47,1
114655,e6a8a709ae7d8fe5842b86236bd2b9eb,47,1
114658,bc38322b87a90bc09d78a9efd7331a0a,47,1
114659,80346203c0317cf9b859c4af61ff28e7,47,1
114661,d48222851ff078ef51ccc62dca0141f4,47,1
114662,67c392398fc312a8ccf9981d0efc2510,47,1
114663,3d25836ee8f21eba882be608c70323ea,47,1
114665,add481dea424b7572bea3de37b205246,47,1
114667,3c6221814821d9dcd81423a02b2b6f11,135,1
114668,6bed2d9dd3e459256a5aca40f53d8dbd,47,1
114669,4667d2d68630fa080888325261bf8902,47,1
114674,0e5968099bd02623c57514e97f454802,47,1
114675,7effbef6d776f320c9d8e21a6b90af1d,47,1
114676,8bbe205cbbe19e6f9057ff420509ba38,135,1
114677,c107e0234fb7009a19344fedb5b0db99,47,1
114679,44a0a523814d695e8bc02357f16da3d3,135,1
114680,1f92c82c83fd608ab4b166aff1f54bc4,47,1
114683,1bd6324f2acd64f798819338d0f3c92c,135,1
114684,3ba99350135e90996bf47a7705b96365,47,1
114685,3d11f8d3f1ab8f267e5a3836a87377bd,135,1
114686,db04a9ab000adcf0de5b3efc1f6b4fbd,135,1
114687,1a091db8f5b56fce1a85d6455106ac35,135,1
114688,60e4691df9999e4530fc18df3941ef52,47,1
114689,b8bdb9baa586c208eed743de5950a03b,135,1
114690,241e9aeac976327e9de6b047e5968ea4,135,1
114691,74870ecef64c3ce3830916148b1754f0,47,1
114692,24befbf2ab392956aef49da6942b3aed,135,1
114693,4f12523b091c7c22d31f1a05ab8e50b5,135,1
114695,456d64495c32fe1de583031e572fd80b,135,1
114696,3cf57727ecc11ebf9879d927b8117343,135,1
114697,fd8e6a3170448f7decdc0cf08d6dc943,135,1
114698,c67274b43686c7c6c9a78c4afd8953e0,135,1
114699,ad048023eb2ccbea59e5cd7956b5c84a,135,1
114700,5067aba63b89d610c3786df657e4e672,135,1
114701,06bd2ff280ec83d6e4ce0e55e8bba210,135,1
114702,6c45d92f27afff36a7dd13e1bb9757eb,135,1
114703,ea7c063c1533a1b8ee2694a50d58cbaa,135,1
114705,c85df9295714c5e3e4fcd94ab511a76b,135,1
114708,d6cb8f9f6994929487e87f6a2fb13c6c,135,1
114731,98e0e6e6e07741e0522edf53c81a321f,47,1
114734,400bfebc9935a91c90445af9ce663698,47,1
114740,40a408fb331198b2b6412e4c639034ff,47,1
114742,95029152b19985815d25552f6289dca6,47,1
114743,54ca6cd99db9226cbe0f874811130d98,47,1
114745,0273cc437679966d3c36ed00870a0f18,47,1
114746,290e696031e527d88a1429566d5529a0,47,1
114747,59d294f74293ccd7d9fe176fe852e16d,47,1
114748,a225fdb8be88bac801e9d6b91e4a7f55,134,1
114750,fe0efaf179667ab76fcbe9a26fe22b4e,47,1
114751,945dce754ed7d3027933600c7e3c6d46,47,1
114752,9a47bf20d234c2e6dbcad8d838a9df90,47,1
114753,9f02666e46f2a93f4bd80edc96457e54,47,1
114754,97d2cc4121a3112210e2cb85764edee8,47,1
114755,6df3713b2b9a30f4ada932befb9a858f,47,1
114756,ddac354251c3e95bcfde065004ee65cd,47,1
114757,0640c9246f1bcbbcd5abf0e9045dc763,47,1
114760,ad1ad1a22585b23c204c38423ebfea86,47,1
114761,e10367af4ce2ca7c409f3bdc8e68db88,47,1
114765,eef5576c8540679eac3d214999420ecc,47,1
114767,80f5bdd13ff52e496d0620339af221c4,47,1
114768,899f7a16b75100d3871da82c5aed3568,135,1
114771,74fb77493aca4a528dd7e26f9c0f10c0,135,1
114773,f3c95b0b71b6f94f567563c456a7af4d,47,1
114775,2b0fde40c32b15788312b99669bee1b4,135,1
114776,9b70000a6cea4da4d942a462e4c423c8,47,1
114778,2aea7c902ba7e478933e030ea3de45b1,135,1
114779,015fd9a5702c7c457e27103c2eb7e150,47,1
114781,a65b32b78edc72a599d3e78e88bb35a1,135,1
114782,8970268f2b447ec6d1a7738278be5d5d,135,1
114784,0367aadf765cd8548c4abf1bbc30195a,135,1
114785,a1824c78229a07409c45a01b222c4394,135,1
114791,4f68fd91438028f8df5f0bdfb29ff4f0,47,1
114793,e9b13091d4bc5adc581017a39fa55502,47,1
114795,aa16969804d0a2ccb7b28bfb83dc5e5c,47,1
114799,7d37b8abc58d0a1550b787da5bb3f3c6,47,1
114800,3bff42e496fab72bc43c76ed512ef2db,135,1
114806,0c8cfa374c9b88ea2628189ef6dfca23,47,1
114807,fac543328d394f098b6be57d4071af26,47,1
114808,90c9dd8038e52f30f844448442381c13,135,1
114809,44973c747749717f18797985abe6e0ed,91,1
114822,75a1d476c90bcd04d034d9b82f2aebc3,91,1
114829,45cd428fba4ec5f0b9f8c401fde69699,91,1
114831,f59ec7b5b0c87ed70e4c62644f940582,91,1
114832,da490f5428fba6f8c22e9e3c625736af,91,1
114833,763c306ddbeb22e0afb91b67a664fba2,91,1
114834,56d456db956da36afe4319a51188b0fb,91,1
114836,0a9521003ca301b9ae8087f10b3cb757,134,1
114840,161922bab4d4d8fab30bb6e8d45a9e68,91,1
114841,8f5fe2e4bdb0333500f7313cd358cb7a,91,1
114846,fcbdc5c0831b419604716fb5d38e790e,135,1
114848,03c744632beb2ac82a2e6dcaf3f15e66,135,1
114849,31eced1d12c9cecd4c28583cfbb008cf,47,1
114850,c98559fc71383b65fc43ec2277e03594,47,1
114854,6cc7fde9f8d0c9f2348a0c57dd309107,47,1
114856,2f501638b9bc706378eded7b9b0ef80b,135,1
114861,234fa602d57efb8b50c8f06985350887,47,1
114864,90f3ce321a6344c22644f3f8d6ca513a,47,1
114865,ccbe48d4f90699d974a20972a59871e8,135,1
114866,052c5db9039f823517b05e94f8fbc631,47,1
114870,9a556a4b72f9b67b63c6dd6e40ddbcaf,47,1
114871,b9134fb30788b8f94fff13aff3e1ab34,47,1
114872,766761b17a426bab7c2d0f069e41194c,135,1
114873,fb432c7aa7494bc2e17c30b693815871,135,1
114874,e58a4bd774af4cb97455977873213efc,135,1
114875,90a5db5760c4908af0ebd1e2718f0fb8,135,1
114890,9f33674211edbdf81006c110c33f067c,135,1
114909,a4d01aa625f0ecce7301683271920c3a,91,1
114913,5491608795399cfabad04557b5c7a6e8,91,1
114914,b12f7388498858ddce4cfb6cfb6eeecf,91,1
114915,ad25a5fefbe547594d3245e8b6049153,91,1
114916,6be7480459030e750e511814474e6376,91,1
114917,eb6df6019f2a4bc273c970902618deb6,91,1
114918,a15fd34aeaea6a332815660553c01a7d,91,1
114919,e105c098c67d79930be31968fa16d020,91,1
114921,f7149b5266e548cb24c31eab29980f95,91,1
114922,9b27f211287ece68c50f2e78ddf7dc07,91,1
114923,0feb8ff9b52e03f4c1209467827a3964,91,1
114925,388493b7f177500bacf3dcd9ae0cf759,47,1
114926,9df3686f11dfab6fd46b7c9d3cb5d266,47,1
114930,a06dfecfe3f0b2b8cb5d230d2244263b,47,1
114932,646136630d37babfe98b44e6d03356d0,47,1
114934,ab9d9104896ba4fc0e9822fa98850f33,47,1
114935,6095b1761a31901fd49f3d8bbff98a47,47,1
114936,6dc7bcfb52804df07c43763d286f905b,47,1
114938,c037928a63405037d6f74bb37b434946,135,1
114941,b224a4822e7c8d5257bbd6609b4a6179,135,1
114945,21f31d85452565c32d7814e3c91b34da,47,1
114946,8c6b6e11ade16ee9ee8b01ee0fb3db43,47,1
114950,ef97754d27c7f4122eebaa75d28b0f93,135,1
114951,6ca3af0574a517a98d8f36b40847f11b,135,1
114952,59635d0cc0d8019421279a363125ff0e,47,1
114954,b145bbc4159041d1b09ed2a3248fdb3f,135,1
114957,1da775779f983f116cc1cf03ddab78a8,135,1
114959,1636c6ecdfc5614f5e518fbaac11f479,47,1
114964,732ed2dd70d3691a7996922cfa61d78f,135,1
114970,8aaa2588b4d3dd744a0ce41110327571,47,1
114973,762c4bcf3857828b33ddc04808140db7,47,1
114975,db3b11f8aede102863d994625e82dfca,47,1
114981,9a23afa5c0a85cc2a65b7815a7bb334b,47,1
114983,1f18c41c5695ec4f33ffd4dd6e8b591b,47,1
114987,7b4a0a69b98032bcef2d1de12ef9ea0d,47,1
114988,10117c9d75aa2e38f3f290024dd35a2f,47,1
114989,3f59e83634748421d6853da29b1a7d07,135,1
114990,e77ba0f7563fa50701ed5805d45decbe,47,1
114992,71afe8278879031ee419e75b2f6d77b1,47,1
114994,cbc556a24cff4d31012bb4e778e29f09,47,1
114998,25b76eab8b62e86c88cefc33ce20c091,135,1
115001,7c9b636d26c5a4b83d9dcd24a6bb9526,134,1
115002,edc04e59fb113a851cb7c9a822aec793,135,1
115006,6c736564100179bb8cf36694410db282,91,1
115014,700de9a0874770b1b7ed393a66c78648,91,1
115015,884b89b5b646ddb9073caa7026a94571,135,1
115016,c072790f23fa667295ceee753f5e3af2,91,1
115017,55cbcfa58bdcbfadb5efae3796a211d7,135,1
115019,b46d851835c21cdc1682f35c7d00fbc1,135,1
115021,c33e83362d7357265ad8e8588786b050,135,1
115025,ed4bf013a229da84918cd553497a8811,47,1
115026,7a64b0a1b24d91f9ac2f4aab9547bd8c,135,1
115027,123cdb50169c99d4a528b25aae9bdcca,91,1
115028,e110950e50e39f86b4c5e4d96f42f2d5,47,1
115029,cde8419c407d43b6b35107576eec6fdc,91,1
115030,6e255af12ed40eb29223bd69fcef765c,135,1
115031,4d1de7fe1fd9dd7a51e7f382e1b3d49f,91,1
115032,bc3561409e0715a30aa37751dff05837,91,1
115033,58e2383271f1f66f5e0a67e42c94ee2c,47,1
115034,e7281bf728d60f14f00f8542b159bc18,135,1
115035,d25e9b8248f0b43a32708a09332d57a8,91,1
115037,1c1d9a61dec1f74f9bb3c47955e4b51a,91,1
115038,be87c03d38f37137af394837a1f65271,91,1
115039,9aef9aba028a934b5cdb8bf54827f275,47,1
115040,dcfd6e83aeb0c8f5ad50900865e02791,135,1
115041,ce7e5f7001f0e9ad0c75e0981280da46,91,1
115042,e003ef6e80ba82f9740ad3516571f39b,47,1
115043,f1dce3fa3de301a73e80668ed72eb9d2,91,1
115044,c54c41435f565c0fd40e6eaf19364bbe,47,1
115045,d26f26e7ef7e33882ecde991a90ed37b,47,1
115046,ffb24a302599dd1f76492befc703ccc2,135,1
115047,045411d28a2087cea0a482fe3a64ae57,47,1
115049,deeb8741707805466d2465a27402cb29,135,1
115050,d4cec843e62a8e8190dde9254b77731a,135,1
115051,1b35f9fdf2c655598dbd11dc903b11ff,135,1
115055,6c9b6be8563d3f6c91bdb63e86817607,135,1
115056,84201266b6333f3a5ce5f33c7c961333,135,1
115057,59357b62d700e7857fcf37f411674fca,135,1
115058,4833a7764598cdab7fd0e3e2704146b5,135,1
115078,692df61faa0d8c72540b582b36d7dbf4,135,1
115080,34c1d6b504d067f8b861182f6fd23aa8,135,1
115081,0219a81fab369cfb219486b32b2dcbc8,135,1
115082,336cdd6be73594b4439d5ccf440a9e3f,135,1
115083,5f469dbbb1ac172e4619ea3a308472e7,47,1
115084,a1f2fe568cb2f920006ffc30e53d92ff,135,1
115086,153c1c3a2e561522eea376b9745bdd02,135,1
115088,42b43f02698519239e3daef7ac8e38e3,47,1
115089,2c2e8cc8472e14b186d73b1b9a96fef5,135,1
115094,4ac271df67bbcb30f800245dbdc8e704,47,1
115095,e4cd681327ac5f14a7f989be988e8d3f,47,1
115097,5c7bcf3280224f937b333b1b0cd5d1c6,47,1
115103,31d6fdb119c1fcedceb2fe15d4f28302,47,1
115107,7dbfc2898f2532eae834049fed7d140e,47,1
115108,9f268492c3ef8db54e23adaadd77c907,47,1
115110,404466c8c948ea2afcbd5896e20c1a8d,47,1
115111,ab21288cb27be8b9a4e6b19f10c576f6,135,1
115115,5b48733d54074cc5a3f1152bd9c41031,135,1
115117,b9101e3fc16ca7fd091ecedcf85442ae,135,1
115119,010a2a7c78e2247dd79ff7e4ea61e9c2,47,1
115120,2d6595e5fbcc3d633ee2e1d3ac317774,135,1
115121,8d938c3b3c8eac39d2bd60abfbb5d463,47,1
115124,390ed8bf1c93844d73a95e312e81bbaf,135,1
115126,dd6acae9d0abcb50cb21f432249c4cc0,47,1
115127,cd1248451bb26a27ec08c5538353a3d7,135,1
115128,3e7b84ac09a11f6b8339f44995624195,135,1
115129,97dbfbedd6a5a8134d483cd95cc193e3,135,1
115132,10069cf14490f016a91b30c51fd2f456,135,1
115134,5f00c6ed720c4364184b73f4054b9da1,135,1
115136,13c33285b58a2bd2dc41e95d6252f170,135,1
115138,6390906155d5cd2f2e83ace40a9e550b,135,1
115140,a0110c8c1937c7c47284e7605538875f,135,1
115141,922acc8ae40f63a7938a599e586722a3,135,1
115142,8c0d0c203718ba109e959b5a49f8b052,91,1
115144,e9f8fa79b156d92dec08278d87544db3,91,1
115145,bfc436b4903018d71f50bd248831a8eb,135,1
115146,ff65c81970810e9a0cfe5704c098ff73,75,1
115147,466da6bf16f4d0ce762ac7165f61fc37,75,1
115148,fef5d600c422312ab4a6ede010ea8338,75,1
115149,d218cd681abc98a3a48e374b65f6db94,75,1
115150,c0d64fca2a2a3ae30bd1f17e1edb04b3,75,1
115151,95bf6e1a5730caeb616be0db99c7efb4,75,1
115153,b205db89c0a8d7946fe0fa9c910ba4c6,75,1
115154,e16ecff8d30ae3cfe20365f43a758941,75,1
115155,63c3ba427afd0e52921a1411eb1cceab,75,1
115156,64f774a8ddf0ee0e1d5551c3f4a10444,75,1
115157,52dc26291d8782b1761145cd3b20669c,75,1
115159,2b54c2649bd027719415bf7f242b881d,75,1
115161,5f25c060180032395c482805be56440f,75,1
115163,441e45758633cced8e29584a0e37b4a4,75,1
115164,9ab7f40a0153fb9744c2d67982f6e805,135,1
115165,e613e59f14e638523aa88e394c58b09b,75,1
115166,fdda1f443fb7d48fa55ef9c8232f1379,75,1
115167,5b6cd14e462c15f78bd133731bd192a0,75,1
115168,c5db2fab567508cbaebb288dd0998775,75,1
115169,a29e71559e01eff1f83039c9ea083bdc,75,1
115171,726b8d797c92c35cd2f77f5a67ad4952,135,1
115177,80735fb996bfe4884a2367bc86c1afda,47,1
115182,0ef9a7949c595374f480b908cf55a134,47,1
115190,438dd84bd9d9bd079203e578f592f863,135,1
115191,d2a8e199c639b40e54ecebc337640d07,135,1
115192,e5392e02481797c5c2731823b0fd9b21,135,1
115194,04ff57c2d10c9ad222cdcab4fc742745,47,1
115195,1b0f191569fecc934b80f7aa7cc9d784,135,1
115197,360fb5745b18b613b0570df4444fec0d,135,1
115200,8cab90ca4783926b9120623a111581e8,47,1
115201,40fbba4836797e13d02c55a5c0999900,47,1
115205,3e43942b7cd88f16e87bf8e616237adc,135,1
115206,c6a86bb73902c5e4a684486013e5b89b,135,1
115208,16556e40b9a3d815b83475d65d19dc1e,75,1
115209,56c25bfee068b4f1a4077f069b010a53,75,1
115210,0b420e2fd08b367bb2bff4380081c4d4,75,1
115211,c58ac5ccff3b018c915fd3b3f50782c8,75,1
115212,c374e405117e5b32d4d7f531df7af3c5,75,1
115213,96f703f04f1f7646086243b6a097119a,75,1
115214,3380227f1f8d9984fd6cf36bd1ce5ed0,75,1
115215,5a6f76732b680a81b4142f52dcb0f236,135,1
115216,7953ecbb4e2452d375ef3ce64862e124,135,1
115217,419c6439a8d489ef8650ea3ae835a44d,135,1
115218,66579cef81b718755121dfeae594e4cd,91,1
115219,e642723075397fc2e885e12bbe61126e,91,1
115220,aa8bce17188dfa726dc8ab3fcefc675c,91,1
115221,16c5eeab3a7690f006bcd9da7b85014e,91,1
115224,c9787db6c14b9fc5e1ff9e286ded0456,91,1
115227,2827502ab0e7a8d02c203dc5674fe4f1,91,1
115228,1d38f39feff8c68b7aa43ca2fd3afd07,135,1
115230,c84ba8d8093b37b7e5aafc38ce428345,47,1
115232,d655c283879f5781d2ba931586d1e5c9,135,1
115234,e4c785e864a410f7059e1572dc7510fe,47,1
115238,981a23122b40a3629aca30929a0bbc9d,135,1
115239,555a4877a0f564c1fa281282ea776ac4,47,1
115241,9fde5e7bdea1859f26e48f9d2fbae327,47,1
115251,a2195bf44a6dc771b9a078d49e553bc5,47,1
115255,f993c2f29b1e999cc9dcaa3ad1b1900c,47,1
115263,f17fd94557a1046f6db27a95a7b572f4,135,1
115264,828b4d2e4450387ae7d8ca5c6f2e10c8,135,1
115265,bfd5e2137ec5c3cad31e22ce3bf4d8db,135,1
115266,8206bb51ba42cceacc7b74eda7a7deef,135,1
115268,0a2754fcb184d03756130df0557dd913,47,1
115269,9a77cfcf166324176b3c9dbb1bf04b90,135,1
115271,a694b3a50082bb68b79b10f34bcddd4d,135,1
115272,937ee3e585ec2aeb417354b3333763f2,47,1
115273,52367e86905d6f0cff245383bdc73e2b,135,1
115275,fd7fb11f3e094ad6be2fb2d82eda98c1,135,1
115276,e83de6f514ed5585e7fa90c7ea6f9c40,47,1
115279,58470bb6aa62a6a0e1d01a739e125246,135,1
115283,dd1ca7b6b3e7eb149ccda8c2cc3a4f10,135,1
115285,f06a5c2a2279a7a8ab11f29d3b36c3cd,47,1
115286,a052a6d88a274048165dda6d0d84cafd,47,1
115287,196ddf6f6658cef4d684f106cc66497e,135,1
115291,388c0c8f3422f08798a0fca30bbaf54a,135,1
115292,681040aa70366ce3de2fd3f39ad4a2b7,135,1
115294,37ff22833dd125b1e87f713e3ed628de,135,1
115295,201d35f545acb70a6a577a6c27db6100,135,1
115298,2170f35cc58874d6f5945ea83d4b7e6b,135,1
115299,577b01a35934ff6f0b973076a0582d16,135,1
115304,dec0b4c9a5651dbd5cce4753bf6bb7bc,135,1
115306,f36a87b7d28de531d4517a83dc8f3db5,135,1
115310,c71904cef17cf0ed7a2f1068bfdd8e8c,47,1
115317,30107291c69a5a8d1e2adbdcceed1beb,47,1
115321,6c73399e98596845210af88c45ca25e8,91,1
115323,bbc620e5408646eda1e0267ed0782773,135,1
115325,3529485bb7ee677d57a0a0d46198ec08,47,1
115326,dc31a2e1fb5cb008957711eb510babdf,47,1
115327,e8d3eb0e8b6792ec459021be2b9ca83a,135,1
115328,542e73f1af6d7a6c3464cdcdaee51cf0,91,1
115329,c30420817e67f2bf7324c78639433f20,47,1
115330,40a7f7b2544bffc728866fd565d82665,47,1
115331,990e5b886c7ff7cc2783a8c6b4e9b5e7,135,1
115334,b7a624a67ee2f17fcb0dd92606bc04a6,91,1
115335,95cc1f02b98520c304e18a5f5fab5a64,135,1
115339,01ba80a65c448100f663548413acbafe,135,1
115340,894c42a2a402776705278f7f6c847df4,91,1
115342,9ed275f617d4b82f715dca5db4f5a2fd,91,1
115345,a5e391a3bde2e08ba7775477bad5a405,135,1
115346,b74aea3743bfc669ed2d43968b574d5a,91,1
115366,c668506d0dd2b2b2cb26b6b39ba954de,75,1
115367,de0711e7e89fbeb03f101bb463bcc8b7,75,1
115369,56c09fe52867683e90abe0e5de785550,75,1
115390,8f4174c9eee31e2d11f3b146e8ff2e37,91,1
115392,421aca5590e661931af808321be86866,91,1
115394,67401532b899a0499b265d28a1681ee4,91,1
115395,ea88b4f8f945011c4040648a085371f5,91,1
115397,fa62e0aa59da66213e383cb94f49daa6,91,1
115399,9497d18ab63589d6242859e1f6c12a6b,91,1
115400,1ed7ea270e65728a7d4cec528d3031ed,91,1
115401,ed8b2ddf202a331c17d8eb23adacccbd,91,1
115418,1be1a9059d3c6cc4593b475d14f94a3f,75,1
115419,53d44ad6d5f9b98c89c3eb9f2077e481,75,1
115420,52c321958b7322fbfabd03193e96e0fa,75,1
115421,96d3d136c8b233df47daf23fc101b22a,75,1
115422,70abd4e742e5379a7394771351977f39,75,1
115430,17abdb2f9e25a03c9a1e84ec5fc1d1c3,47,1
115432,5a089cb2ce6c65566b28a32f341f1e28,47,1
115435,ff654a4c11e833beb8534b77fca87154,47,1
115439,73e899c62d69731ee83240e32a2fea0e,47,1
115443,789870bfeacb419acadec549bdb58345,47,1
115448,2c6d2e4cb58e2809d209900377404f8d,47,1
115451,36e10cf0ed527378e5c4d990dbc0e3d9,47,1
115471,f05a19f4356f33df494dbcbb77132ad8,47,1
115473,d047f84694195c9af15ff6ca20a53ebb,47,1
115484,5235dbf9ae75b29227650e5a76b3e997,47,1
115489,2426be6f40f742fe5a5fa610d50f48f0,47,1
115491,3b8f99e208199ae0c548ed37a6c703bf,47,1
115492,0b94509ec9a753eec8df7095ade99f9a,91,1
115591,6908aeb9a8092ac3f3e9c84c3969e1ab,91,1
115592,9bd4f1662816d646c73f4da0441ea981,91,1
115593,509579f6c5f68da3e0bb4e9c81ba1d82,91,1
115596,0e9e3cee50cbec1a8bee1abc2f261a06,91,1
115618,db7a47eaa36f6f9245a1ce090846c21f,91,1
115622,d0c0bc0facb098a81ee00b48e6b9bb5a,91,1
115624,83d09e0b7f549400ed8a93b3c21e5e72,91,1
115626,65d86d717eca28714894445d1f569bcb,91,1
115628,903f782e25a03a81c3c428b6ea85e7fc,91,1
115630,7d48c61a7f605f0ad14381ad422716d3,91,1
115631,4d6b2862aec64dccefb456044297bc36,91,1
115632,507ac8f69b4c224831f30718489eaf17,91,1
115633,d823ab2b9c09b06e65dee82a29821c63,91,1
115634,8911e07f4c95cf00b9eff9d01ae5946b,91,1
115636,e99342fcf9838901070151a6b2aec47b,91,1
115638,496c80cd24f6438755d54226ce137768,91,1
115639,eeb301ea4fe55e41f1ba6b901fa08e44,91,1
115640,c90dec0d8180b44b472723933877b1c2,91,1
115645,a3e0c7608f247f6ae35abaf2bd3080de,75,1
115646,c7aba0e6afb08dbfe8f5942bc9c5eb65,75,1
115647,52173103840f5dd5089e691236e25800,75,1
115648,05eb2638373faa96ba95d26c44aeed5c,75,1
115649,98354859324bfec066c710e0b354b5d1,75,1
115716,e92b0ee002baabc6d0d30fbee4c3b373,91,1
115717,33e7d8125adbd9d45923bbe228f8860e,91,1
